"x","y","cell_id"
9148,9900,"Lym"
9371,4385,"Lym"
2862,6999,"Lym"
8305,8891,"Lym"
6418,8342,"Lym"
5191,7344,"TC"
7366,6469,"Lym"
1348,8429,"TC"
6570,1597,"Lym"
7051,3638,"Lym"
4578,2752,"Lym"
7191,1249,"TC"
9347,5657,"Lym"
2555,6733,"TC"
4623,18,"Lym"
9400,8009,"TC"
9782,1983,"Lym"
1176,6668,"Lym"
4750,7878,"Lym"
5604,9522,"TC"
9040,3827,"Lym"
1388,5264,"TC"
9889,3884,"Lym"
9467,1318,"TC"
825,8077,"Lym"
5143,6863,"TC"
3903,2932,"Lym"
9057,4200,"TC"
4470,7353,"Lym"
8360,8498,"TC"
7376,776,"TC"
8111,2839,"Lym"
3882,1099,"TC"
6852,2220,"Lym"
40,472,"TC"
8329,610,"TC"
74,5337,"Lym"
2077,984,"TC"
9066,4184,"Lym"
6118,1208,"TC"
3796,9253,"Lym"
4358,97,"TC"
375,4834,"Lym"
9735,7572,"TC"
4318,9121,"Lym"
9576,7775,"TC"
8878,9741,"TC"
6400,1622,"TC"
9710,3118,"Lym"
6189,4399,"TC"
3335,6512,"TC"
3468,6906,"TC"
3985,1992,"TC"
7847,7997,"TC"
390,7698,"TC"
7488,6594,"TC"
6773,1402,"Lym"
1713,6683,"TC"
2612,1524,"Lym"
5145,5779,"TC"
6756,6137,"Lym"
9828,1508,"Lym"
7596,5362,"Lym"
5665,5715,"TC"
8497,6036,"Lym"
1896,8414,"TC"
2714,5277,"Lym"
8282,2457,"TC"
6932,2986,"Lym"
2406,8462,"TC"
431,4483,"Lym"
1406,6974,"Lym"
2165,9474,"Lym"
4795,5731,"TC"
1975,4929,"TC"
7194,4973,"Lym"
80,938,"TC"
3756,9587,"TC"
5145,1993,"TC"
17,5329,"TC"
5816,1354,"Lym"
1580,2408,"TC"
3591,1841,"Lym"
6457,6606,"TC"
7758,1037,"Lym"
5637,2803,"TC"
2338,44,"Lym"
901,2255,"TC"
857,7483,"Lym"
3053,286,"TC"
6675,7454,"Lym"
3,6211,"TC"
2086,4011,"Lym"
9330,3427,"TC"
9257,2347,"Lym"
7341,7639,"TC"
3331,2084,"Lym"
5151,2249,"Lym"
7440,6550,"Lym"
6192,4967,"TC"
6263,5897,"Lym"
2172,4328,"TC"
2166,6634,"TC"
3890,6242,"TC"
9425,5020,"Lym"
9626,2981,"TC"
7399,7321,"Lym"
7333,8438,"Lym"
5358,6668,"TC"
24,5048,"TC"
6090,7117,"Lym"
8368,9756,"TC"
7515,6901,"Lym"
4528,9955,"TC"
5358,9517,"Lym"
5374,7615,"TC"
15,1458,"TC"
3557,1753,"TC"
6122,9343,"Lym"
8290,4798,"TC"
3568,3692,"Lym"
4107,3255,"TC"
5735,4741,"TC"
5897,9310,"TC"
7197,5324,"TC"
3950,9165,"TC"
9192,3271,"TC"
9626,3042,"Lym"
2336,54,"Lym"
7245,4826,"TC"
9036,3772,"Lym"
6035,1377,"TC"
6315,5166,"TC"
9374,8033,"Lym"
8505,412,"Lym"
5799,7134,"Lym"
8214,7088,"Lym"
1138,8955,"TC"
7645,2752,"Lym"
6237,1349,"TC"
1485,9262,"Lym"
804,6431,"TC"
4641,6045,"Lym"
7794,3030,"Lym"
7336,2152,"Lym"
8172,8197,"TC"
1702,5666,"Lym"
9447,9045,"TC"
2937,6017,"Lym"
1492,2008,"TC"
7194,8191,"Lym"
3242,6564,"TC"
7788,4377,"Lym"
3945,1378,"TC"
6786,211,"TC"
7758,7083,"TC"
1880,969,"TC"
292,843,"TC"
1358,1957,"Lym"
6802,9853,"TC"
9348,6651,"Lym"
5505,9882,"TC"
6018,3879,"TC"
1971,8140,"TC"
5353,2696,"Lym"
1796,4775,"TC"
4519,1992,"Lym"
3171,7461,"TC"
1163,5611,"Lym"
1862,2159,"TC"
7298,1973,"Lym"
4119,578,"Lym"
4141,3454,"Lym"
4804,6221,"Lym"
4276,1737,"Lym"
1366,60,"TC"
8247,826,"Lym"
5923,1901,"TC"
7944,8303,"Lym"
7691,3976,"TC"
9181,939,"TC"
8626,8899,"TC"
3170,5292,"Lym"
2593,8259,"Lym"
7423,2850,"Lym"
7474,7782,"Lym"
9179,1450,"TC"
7932,2272,"TC"
1334,6023,"Lym"
2878,8923,"Lym"
1948,6455,"Lym"
7841,4327,"TC"
1290,8970,"Lym"
1292,9456,"TC"
723,6275,"Lym"
532,831,"TC"
5319,4450,"Lym"
1124,3617,"TC"
7432,9954,"Lym"
7313,4994,"TC"
8851,2578,"Lym"
5172,7245,"TC"
8519,1580,"TC"
4429,3155,"TC"
1580,2964,"Lym"
4424,6795,"TC"
9677,4561,"Lym"
4846,195,"Lym"
2525,7259,"Lym"
2598,3271,"Lym"
5421,6613,"Lym"
6499,3551,"Lym"
3365,4579,"Lym"
610,5850,"TC"
4514,1959,"Lym"
8388,2590,"TC"
5747,8702,"Lym"
3534,1194,"TC"
5475,8203,"Lym"
8927,5722,"TC"
4900,2345,"Lym"
1717,5741,"TC"
5431,7539,"Lym"
9615,1030,"TC"
3138,6737,"Lym"
8205,1133,"Lym"
3071,8521,"Lym"
1855,3990,"TC"
484,5595,"Lym"
2457,4855,"TC"
3512,1270,"Lym"
1591,8386,"TC"
3042,7889,"Lym"
176,6636,"Lym"
9966,2332,"Lym"
8044,9538,"TC"
867,7010,"Lym"
8699,5850,"Lym"
5546,9529,"Lym"
4214,9119,"TC"
677,781,"Lym"
5615,676,"TC"
708,9409,"Lym"
2115,1674,"TC"
5497,9120,"Lym"
4820,1684,"TC"
1596,2986,"Lym"
1497,386,"Lym"
4993,4009,"Lym"
9406,6129,"TC"
3343,2465,"Lym"
1885,231,"TC"
2698,2843,"Lym"
5308,8129,"TC"
215,7189,"Lym"
7988,5296,"TC"
1104,1844,"Lym"
5398,6717,"TC"
5713,4246,"Lym"
6190,5617,"TC"
7149,4428,"Lym"
1234,9331,"TC"
3111,4616,"Lym"
9457,6290,"TC"
5001,5720,"Lym"
1353,6841,"Lym"
8693,9448,"Lym"
2051,339,"Lym"
9251,3259,"Lym"
8868,8047,"TC"
1364,2134,"Lym"
7854,3947,"Lym"
4534,7859,"Lym"
1358,220,"TC"
8852,6482,"Lym"
3368,5750,"Lym"
3193,5932,"TC"
4038,5929,"TC"
4791,7228,"TC"
3680,7523,"TC"
4657,791,"Lym"
500,7292,"TC"
1874,8562,"Lym"
9827,7123,"TC"
3283,6751,"Lym"
1711,9765,"Lym"
4883,8293,"Lym"
188,9473,"TC"
3396,2748,"TC"
298,5742,"TC"
8672,328,"TC"
7317,4438,"TC"
3153,3141,"Lym"
3865,2277,"Lym"
3325,1823,"TC"
899,8329,"TC"
7571,9869,"TC"
6030,1898,"TC"
1455,3397,"Lym"
326,4610,"Lym"
4838,4147,"TC"
4446,8460,"TC"
605,8561,"Lym"
3276,4516,"TC"
8784,7325,"Lym"
9306,6760,"TC"
3922,7496,"TC"
1589,9592,"Lym"
3200,9958,"TC"
3070,9804,"TC"
1079,5660,"TC"
9793,9160,"TC"
4970,9716,"Lym"
932,9634,"Lym"
2119,6002,"Lym"
9305,1961,"TC"
2969,724,"TC"
6533,4077,"TC"
9011,131,"TC"
9908,9893,"Lym"
4304,7421,"TC"
3938,8043,"TC"
1420,1589,"Lym"
2799,8179,"Lym"
5649,5168,"Lym"
9351,8951,"TC"
3585,9622,"Lym"
8420,7654,"TC"
7224,6358,"Lym"
7508,9534,"Lym"
9240,3871,"Lym"
25,2491,"TC"
1605,272,"Lym"
3993,3514,"TC"
6754,2117,"Lym"
4804,3142,"TC"
5339,2825,"TC"
3170,2942,"TC"
8148,7531,"TC"
2923,4209,"TC"
4092,6856,"Lym"
910,9502,"TC"
7986,5056,"Lym"
3598,1896,"TC"
406,5716,"Lym"
412,6734,"TC"
9544,3867,"Lym"
3734,9667,"TC"
8064,5121,"Lym"
9101,370,"TC"
4401,6071,"Lym"
5764,8166,"TC"
738,6734,"TC"
1647,1566,"TC"
7399,9662,"Lym"
4758,9240,"TC"
6856,1332,"Lym"
9515,7887,"TC"
4975,9299,"Lym"
4706,6452,"TC"
5602,7491,"Lym"
6525,4587,"Lym"
2796,612,"TC"
9799,335,"TC"
6439,3909,"Lym"
5826,1883,"TC"
6159,2646,"Lym"
9251,2007,"TC"
3901,1755,"Lym"
2880,8963,"TC"
908,621,"Lym"
3221,4112,"Lym"
7583,3107,"Lym"
1045,4308,"TC"
7103,3317,"Lym"
9665,2383,"TC"
2016,3732,"Lym"
1086,4907,"Lym"
555,197,"TC"
8297,296,"TC"
5812,6706,"Lym"
4701,8246,"TC"
3651,7723,"Lym"
2802,7668,"TC"
5998,7852,"Lym"
8186,9178,"TC"
979,7796,"Lym"
9637,4206,"TC"
1688,5795,"Lym"
862,7977,"TC"
8612,9290,"Lym"
5248,1134,"TC"
6568,1905,"Lym"
2296,7712,"TC"
7213,1101,"Lym"
4908,6266,"TC"
9653,6323,"Lym"
9070,8666,"TC"
5513,6704,"Lym"
757,8467,"Lym"
228,2278,"Lym"
5133,1333,"Lym"
6308,5146,"Lym"
4188,6827,"TC"
8793,6268,"Lym"
1081,9721,"TC"
9803,6479,"Lym"
2650,2927,"Lym"
844,8097,"TC"
3860,7754,"TC"
1250,8247,"Lym"
5816,5570,"TC"
2402,77,"TC"
7219,4652,"TC"
1460,9580,"TC"
1529,7648,"TC"
2593,6758,"Lym"
7779,8363,"TC"
4265,2843,"Lym"
601,3106,"TC"
1149,1326,"Lym"
4828,5960,"TC"
9792,8173,"Lym"
8115,7734,"TC"
5430,6286,"Lym"
725,1068,"TC"
4665,8595,"Lym"
3400,9276,"TC"
6899,4760,"Lym"
5142,1786,"TC"
5150,4039,"Lym"
5456,9737,"TC"
4475,9875,"Lym"
840,5346,"TC"
9301,210,"Lym"
165,2820,"Lym"
4142,6521,"Lym"
2271,9279,"Lym"
997,6498,"Lym"
4830,5425,"TC"
6502,6696,"TC"
9213,9554,"TC"
3627,7117,"Lym"
8551,3399,"TC"
3010,3912,"TC"
4657,3011,"TC"
1428,8783,"Lym"
8077,4138,"TC"
6658,72,"Lym"
620,817,"TC"
4310,2103,"TC"
3969,6706,"TC"
6970,4526,"Lym"
6594,4280,"Lym"
4074,5649,"TC"
3070,466,"TC"
2552,6578,"Lym"
6726,7038,"Lym"
8944,7387,"Lym"
8458,5547,"Lym"
3930,658,"Lym"
791,5725,"TC"
8284,5031,"Lym"
730,4550,"Lym"
1149,6999,"Lym"
6400,4082,"TC"
3206,9076,"Lym"
1888,2316,"Lym"
3939,4548,"Lym"
8620,7911,"Lym"
3480,9451,"Lym"
15,7777,"TC"
9113,3892,"Lym"
9517,8561,"TC"
4910,4802,"Lym"
4637,1468,"TC"
5965,5637,"Lym"
9061,1600,"TC"
1731,3078,"Lym"
7859,7901,"Lym"
2330,7630,"TC"
5771,8408,"TC"
8409,893,"Lym"
1323,3224,"TC"
8959,4978,"Lym"
4502,1863,"TC"
8942,2945,"Lym"
2486,6222,"TC"
838,2922,"Lym"
487,1091,"Lym"
9798,8752,"Lym"
4842,6924,"TC"
8454,8537,"Lym"
4164,9539,"TC"
4894,9450,"TC"
1834,201,"TC"
7592,3960,"Lym"
3052,2646,"Lym"
1658,5130,"Lym"
329,7614,"TC"
1366,605,"Lym"
1772,9330,"TC"
5196,3490,"TC"
8111,4119,"TC"
1155,9612,"Lym"
8934,5311,"TC"
5754,3386,"Lym"
1467,6308,"TC"
9028,1218,"Lym"
2531,8975,"TC"
1507,5168,"Lym"
7686,8095,"TC"
2302,8937,"Lym"
3055,3796,"TC"
5186,574,"Lym"
3347,3458,"TC"
1545,3999,"Lym"
2664,6065,"TC"
3508,6801,"Lym"
5785,2070,"Lym"
8086,9760,"Lym"
9333,277,"TC"
8339,2692,"TC"
1271,3024,"TC"
6495,9357,"Lym"
6904,6063,"TC"
321,3326,"Lym"
9205,5597,"TC"
4785,1514,"Lym"
2666,4575,"TC"
8565,1284,"Lym"
2292,617,"TC"
7920,4126,"Lym"
6468,5467,"TC"
4244,4911,"Lym"
952,6050,"TC"
36,3734,"Lym"
5312,9788,"TC"
5244,8537,"Lym"
2133,81,"Lym"
7170,5752,"Lym"
9613,1538,"TC"
5183,4579,"Lym"
1746,6300,"TC"
5626,2735,"TC"
7593,1060,"TC"
6670,976,"Lym"
2250,9650,"TC"
3459,251,"Lym"
3199,8967,"TC"
9049,5845,"TC"
1993,6626,"TC"
6810,5102,"Lym"
1376,2473,"TC"
1071,9139,"Lym"
930,5723,"TC"
9165,6145,"Lym"
2771,5351,"TC"
8858,7874,"Lym"
7729,7646,"TC"
7951,5164,"Lym"
2058,3038,"Lym"
483,2067,"Lym"
389,4424,"TC"
2846,6140,"Lym"
3489,6519,"TC"
7375,6330,"Lym"
2517,7214,"TC"
5175,2069,"TC"
7595,3874,"TC"
6361,4886,"TC"
2040,3100,"TC"
9930,9773,"Lym"
5,8223,"TC"
2066,1295,"TC"
6341,4713,"TC"
174,9295,"Lym"
268,1456,"TC"
6079,4102,"TC"
5706,822,"TC"
2459,9309,"TC"
9195,8184,"TC"
6722,1997,"TC"
6455,6267,"Lym"
2084,4737,"TC"
4807,6337,"Lym"
9865,6222,"Lym"
9931,8890,"TC"
4508,4552,"Lym"
7149,9094,"TC"
3166,7450,"TC"
8337,7581,"TC"
4340,4338,"Lym"
9960,351,"TC"
8058,8867,"Lym"
4863,3398,"TC"
5388,5677,"Lym"
3411,377,"TC"
521,7557,"TC"
4588,8742,"TC"
4982,1180,"Lym"
2828,2466,"TC"
7765,2552,"TC"
3039,83,"TC"
5156,8620,"Lym"
4780,4111,"TC"
7689,6946,"Lym"
1640,3191,"TC"
4418,4460,"Lym"
5235,8076,"Lym"
4770,4567,"Lym"
5247,3392,"TC"
6853,7749,"Lym"
3519,9760,"TC"
8396,4115,"Lym"
9219,6774,"TC"
1064,5299,"Lym"
2066,1286,"TC"
4867,500,"TC"
3239,373,"TC"
4718,9620,"Lym"
5861,3471,"TC"
2240,7782,"Lym"
7341,2218,"Lym"
1506,7974,"Lym"
6976,3520,"TC"
2642,285,"Lym"
4265,6442,"Lym"
7214,4917,"Lym"
4745,2661,"Lym"
3387,3414,"TC"
2407,690,"Lym"
2163,844,"Lym"
2421,9473,"TC"
5649,7665,"Lym"
7126,9589,"TC"
1082,8914,"Lym"
5191,9918,"TC"
8522,2901,"Lym"
7147,7819,"TC"
3141,4094,"Lym"
1159,3769,"Lym"
5750,9565,"Lym"
8314,5057,"TC"
5204,496,"TC"
6940,1326,"TC"
5000,7717,"TC"
3542,8188,"TC"
9648,3768,"Lym"
9223,434,"TC"
2047,4542,"TC"
9549,960,"TC"
8740,2707,"Lym"
6974,9341,"TC"
5126,8636,"Lym"
4809,9991,"TC"
2019,1299,"TC"
1003,5453,"Lym"
4726,8321,"Lym"
3122,9684,"TC"
7724,9202,"Lym"
9011,1571,"Lym"
3353,504,"Lym"
8240,8324,"TC"
2201,1300,"TC"
7661,3837,"TC"
5608,7230,"TC"
4235,582,"Lym"
8386,1695,"Lym"
2874,3821,"TC"
4708,2447,"Lym"
7809,4170,"TC"
828,3281,"TC"
3946,1281,"TC"
958,3653,"Lym"
1334,5963,"TC"
2212,7592,"Lym"
2742,5392,"TC"
2991,2733,"TC"
3748,9360,"TC"
4915,5356,"Lym"
8786,8707,"TC"
7488,7696,"Lym"
9552,6993,"TC"
3320,618,"Lym"
8242,7649,"TC"
1328,2453,"Lym"
1248,1178,"TC"
7281,8051,"Lym"
5485,9829,"TC"
6086,3533,"Lym"
1230,866,"TC"
8764,57,"Lym"
8424,4397,"TC"
463,1956,"Lym"
7070,581,"Lym"
5348,7928,"Lym"
9455,3125,"TC"
9120,3349,"Lym"
4560,9854,"TC"
7655,3429,"Lym"
5051,6943,"TC"
2026,4421,"Lym"
7172,3640,"TC"
7681,7641,"Lym"
7064,7757,"TC"
1917,3117,"TC"
2980,2605,"TC"
3252,6830,"TC"
5719,7247,"TC"
8825,7168,"Lym"
8771,4376,"TC"
3859,1542,"Lym"
7378,1078,"TC"
7963,4754,"Lym"
7242,9304,"TC"
3855,2953,"Lym"
2982,4535,"TC"
576,6617,"Lym"
6737,4156,"TC"
1981,658,"Lym"
6251,1040,"TC"
1383,9381,"Lym"
3731,9392,"TC"
3142,9109,"TC"
8152,1446,"TC"
3684,1997,"Lym"
4397,6620,"TC"
4391,2515,"Lym"
6019,8363,"TC"
4040,1819,"Lym"
9583,9479,"Lym"
9708,4458,"TC"
9145,8627,"TC"
830,3082,"Lym"
4769,8813,"TC"
3392,5449,"TC"
6735,6373,"TC"
6365,305,"Lym"
8593,4094,"TC"
9483,5630,"Lym"
5740,1402,"Lym"
5353,5063,"Lym"
9417,5651,"TC"
8924,548,"Lym"
4104,7092,"TC"
501,6088,"TC"
7783,1515,"Lym"
9260,5220,"Lym"
3775,7933,"TC"
2450,4089,"Lym"
877,3159,"TC"
3912,4948,"Lym"
1826,6490,"TC"
1337,6499,"Lym"
2575,5024,"TC"
5533,6356,"TC"
1482,3629,"TC"
9629,3331,"Lym"
9445,413,"TC"
9923,8750,"Lym"
7062,5186,"TC"
1409,4855,"Lym"
91,1311,"TC"
6865,4460,"Lym"
6813,2173,"TC"
9175,8276,"Lym"
4085,8023,"TC"
4225,8394,"TC"
5374,9611,"TC"
4137,2418,"Lym"
977,8011,"TC"
3803,1609,"TC"
1981,2930,"Lym"
7251,2403,"Lym"
111,6008,"Lym"
9189,1199,"Lym"
9002,6177,"TC"
7542,375,"Lym"
9519,6258,"TC"
6256,6220,"Lym"
6560,4844,"Lym"
3814,4424,"Lym"
657,1262,"Lym"
6909,7398,"Lym"
1276,7125,"TC"
2914,4994,"Lym"
6323,2765,"Lym"
3901,6588,"Lym"
705,1190,"TC"
8636,3100,"Lym"
3853,6209,"TC"
6708,1686,"Lym"
213,4424,"TC"
5953,7818,"Lym"
2763,3368,"Lym"
3992,7767,"Lym"
1459,1198,"Lym"
8241,416,"Lym"
1405,3180,"TC"
9091,8099,"TC"
8999,8253,"TC"
1924,382,"Lym"
5323,8193,"TC"
5222,4818,"Lym"
1604,2265,"TC"
5196,3465,"Lym"
2246,1429,"TC"
2816,4491,"Lym"
5037,818,"TC"
1590,8635,"Lym"
9206,5408,"TC"
4991,1048,"Lym"
6154,8836,"TC"
7440,3954,"Lym"
6169,1246,"TC"
9301,9947,"Lym"
805,9262,"TC"
282,698,"Lym"
5416,8744,"TC"
2413,2655,"Lym"
6449,6244,"TC"
3778,4837,"Lym"
469,5237,"TC"
482,5793,"Lym"
9628,8607,"TC"
2265,2970,"Lym"
115,2904,"TC"
2186,3952,"Lym"
560,3083,"Lym"
2350,8609,"Lym"
4028,4273,"TC"
144,4283,"Lym"
3618,4068,"Lym"
5845,5993,"Lym"
6058,5728,"TC"
2638,6442,"Lym"
6752,8347,"TC"
9358,6580,"Lym"
37,5436,"TC"
7870,6888,"TC"
8070,475,"Lym"
731,5218,"Lym"
5670,8027,"TC"
5392,2393,"Lym"
1378,9709,"Lym"
2764,4768,"TC"
3519,64,"TC"
8128,1678,"TC"
1716,9249,"TC"
5212,5373,"Lym"
7646,6917,"TC"
2888,3640,"Lym"
4368,7556,"TC"
6695,4530,"Lym"
370,2854,"TC"
5607,1360,"TC"
9324,8277,"Lym"
4347,3886,"Lym"
9362,7935,"TC"
9783,1380,"TC"
6768,5062,"TC"
2983,3426,"Lym"
2083,8543,"TC"
3190,7009,"Lym"
8544,7588,"Lym"
612,5950,"Lym"
1821,4736,"TC"
4839,8155,"Lym"
3383,9204,"TC"
8134,6872,"TC"
8704,7129,"TC"
193,5446,"Lym"
8248,4194,"TC"
4013,8410,"Lym"
6721,655,"TC"
1188,8833,"Lym"
4765,7246,"TC"
9253,809,"TC"
5749,1006,"TC"
9128,8139,"Lym"
7553,1225,"TC"
6310,7817,"Lym"
7944,2021,"TC"
9236,8269,"Lym"
1646,217,"TC"
1930,1818,"Lym"
977,4866,"TC"
8291,9920,"Lym"
8059,1838,"TC"
2793,48,"TC"
4491,1182,"TC"
6259,5028,"Lym"
3710,3270,"TC"
3824,5471,"Lym"
9145,7118,"TC"
3904,4406,"Lym"
704,5371,"TC"
7075,7728,"TC"
6930,7245,"TC"
962,5494,"Lym"
370,2470,"Lym"
4010,2183,"Lym"
116,6416,"TC"
5679,9207,"Lym"
9450,9375,"Lym"
3434,3845,"Lym"
2446,1460,"Lym"
5417,7293,"Lym"
1178,4868,"TC"
3750,2526,"TC"
3276,8278,"TC"
9472,1447,"Lym"
9106,5946,"TC"
7625,2724,"Lym"
7581,9406,"TC"
9985,1454,"Lym"
5804,9110,"TC"
2134,7030,"Lym"
1336,2767,"TC"
7923,604,"Lym"
9819,7061,"TC"
9821,1640,"Lym"
1255,1769,"Lym"
6183,5109,"Lym"
8582,3386,"TC"
1395,432,"Lym"
3666,8432,"TC"
1572,3069,"Lym"
4479,4815,"TC"
4859,3803,"TC"
9502,6581,"Lym"
9048,9109,"Lym"
9402,7981,"Lym"
7735,3984,"Lym"
923,1393,"TC"
163,3005,"Lym"
3336,2799,"TC"
2419,2537,"Lym"
7921,7822,"TC"
4964,6727,"Lym"
5139,4544,"TC"
725,3748,"Lym"
3452,2734,"Lym"
7563,2934,"Lym"
3852,4715,"TC"
70,3899,"TC"
7185,250,"TC"
5570,8566,"Lym"
702,1399,"Lym"
3479,9415,"Lym"
4131,5601,"TC"
3117,2601,"Lym"
7376,400,"TC"
3884,5082,"Lym"
6195,4965,"Lym"
6236,3730,"Lym"
8024,5703,"TC"
6541,9684,"TC"
6795,819,"Lym"
4108,7227,"Lym"
6633,7844,"TC"
272,376,"Lym"
8159,2013,"TC"
751,3322,"TC"
9010,5670,"TC"
709,110,"TC"
1912,854,"TC"
7770,4630,"Lym"
2032,4500,"TC"
4038,7593,"Lym"
4462,8681,"Lym"
6063,1856,"Lym"
5765,7592,"TC"
596,999,"Lym"
1827,2212,"TC"
2962,8954,"Lym"
3761,8038,"Lym"
7131,1674,"TC"
1252,9848,"Lym"
4293,8180,"Lym"
305,4434,"TC"
4542,5848,"Lym"
7943,8865,"TC"
4713,8109,"Lym"
2365,7428,"TC"
8870,8420,"Lym"
1260,4067,"TC"
2694,8729,"Lym"
8825,9062,"TC"
7505,8918,"Lym"
978,84,"TC"
8156,6162,"Lym"
8584,4548,"TC"
1172,5682,"Lym"
1375,8994,"TC"
5483,1698,"Lym"
591,7669,"Lym"
4956,1131,"Lym"
75,7662,"TC"
8483,2739,"Lym"
628,9442,"TC"
8199,4460,"Lym"
5394,5418,"Lym"
4991,1618,"Lym"
223,6931,"TC"
5541,7973,"Lym"
7199,7736,"Lym"
2358,2134,"Lym"
8119,2037,"TC"
4215,6333,"Lym"
5650,7610,"TC"
1518,8080,"Lym"
1949,8289,"TC"
1669,1187,"Lym"
8351,2814,"TC"
1112,8468,"Lym"
2681,1086,"TC"
7985,176,"TC"
2990,4135,"TC"
8676,5909,"Lym"
395,5164,"TC"
3399,9347,"Lym"
3097,2606,"Lym"
1295,7107,"Lym"
3739,1682,"TC"
4650,8199,"Lym"
467,7501,"Lym"
9875,2901,"Lym"
9085,1799,"TC"
9794,6173,"Lym"
1706,6123,"TC"
428,8657,"Lym"
1429,6398,"TC"
3606,920,"Lym"
5445,8674,"Lym"
9374,8418,"Lym"
6356,4955,"TC"
4848,795,"TC"
860,217,"TC"
9449,3090,"TC"
3468,7317,"TC"
3694,9956,"Lym"
6242,4551,"TC"
7274,6952,"TC"
1980,9447,"TC"
5888,4639,"TC"
8429,7068,"TC"
9994,8362,"Lym"
115,489,"TC"
8213,4037,"Lym"
2057,5407,"TC"
1139,7330,"TC"
6881,1460,"TC"
2730,3653,"Lym"
8232,201,"TC"
6444,94,"Lym"
5279,7960,"TC"
287,6817,"Lym"
2872,262,"TC"
357,3046,"Lym"
8979,9483,"TC"
1311,2832,"Lym"
515,3588,"TC"
3640,5016,"Lym"
6955,2654,"TC"
8923,9103,"Lym"
2444,1807,"Lym"
3920,6162,"Lym"
6202,480,"TC"
5645,8001,"Lym"
415,6616,"TC"
4743,7354,"Lym"
9492,436,"TC"
2404,5405,"Lym"
6782,6256,"TC"
9134,7490,"TC"
457,1496,"TC"
1365,4451,"Lym"
1004,6993,"TC"
4097,1059,"Lym"
9700,7719,"TC"
3640,6360,"Lym"
7249,5923,"TC"
7027,115,"Lym"
249,201,"TC"
9460,1621,"Lym"
5335,684,"TC"
6963,4763,"Lym"
454,9832,"Lym"
9166,4362,"Lym"
329,9481,"TC"
7773,3372,"TC"
5262,4924,"Lym"
2662,8386,"Lym"
5050,8261,"TC"
5325,1425,"Lym"
870,1155,"TC"
9156,46,"Lym"
5641,7413,"Lym"
593,7825,"TC"
6728,2132,"TC"
6274,5180,"Lym"
729,1918,"TC"
4378,4569,"Lym"
6416,5266,"TC"
8100,3479,"Lym"
3918,7415,"TC"
7734,459,"Lym"
8734,2847,"TC"
6184,1705,"Lym"
3578,2751,"TC"
9323,6941,"TC"
7448,8478,"TC"
637,5076,"Lym"
1083,9535,"Lym"
8188,781,"TC"
7931,5227,"TC"
572,7252,"Lym"
9076,1004,"TC"
7217,7842,"Lym"
9027,4500,"TC"
5358,4465,"Lym"
3486,7301,"TC"
8333,4935,"Lym"
7903,1073,"TC"
5315,9206,"Lym"
7787,2403,"TC"
585,6536,"Lym"
4582,8843,"Lym"
224,8888,"Lym"
7399,9755,"Lym"
7058,4821,"Lym"
58,963,"TC"
4708,9305,"Lym"
5962,3164,"TC"
2841,4699,"Lym"
553,5561,"TC"
3779,8206,"Lym"
5303,6359,"Lym"
2511,3652,"Lym"
9441,4802,"TC"
4375,1408,"Lym"
7011,2384,"TC"
1759,8417,"TC"
2421,8125,"Lym"
238,9892,"TC"
3288,7295,"TC"
4132,3723,"Lym"
1088,5104,"TC"
8521,9291,"Lym"
92,5785,"TC"
9698,4064,"Lym"
8047,2120,"TC"
5011,8221,"Lym"
9342,4917,"TC"
4679,1614,"Lym"
5110,7099,"Lym"
8322,6086,"TC"
1607,1104,"Lym"
5214,2226,"Lym"
4336,5466,"TC"
3319,883,"TC"
4481,1291,"TC"
413,7438,"TC"
2434,8831,"Lym"
1033,9463,"TC"
3632,2572,"TC"
6578,2153,"Lym"
4251,2085,"TC"
723,1885,"Lym"
6872,1984,"Lym"
8528,1418,"Lym"
8672,6955,"TC"
892,3235,"Lym"
131,3807,"TC"
4233,7472,"TC"
9733,2813,"TC"
4991,7619,"Lym"
9947,731,"TC"
4949,6711,"Lym"
1231,9192,"TC"
5604,7763,"Lym"
2394,7405,"Lym"
7253,3196,"Lym"
7860,6345,"TC"
4498,4315,"Lym"
4691,3326,"TC"
4019,7524,"Lym"
9024,209,"TC"
5637,3892,"TC"
6910,3029,"Lym"
3323,1682,"Lym"
950,6153,"TC"
9379,842,"Lym"
6711,2164,"TC"
151,9965,"Lym"
1132,1260,"TC"
8478,447,"Lym"
4469,8989,"TC"
4019,5117,"Lym"
4323,511,"TC"
6636,9735,"Lym"
1825,1581,"TC"
8384,7989,"Lym"
9174,1556,"Lym"
7983,4265,"Lym"
5031,1921,"TC"
2545,7031,"Lym"
6673,8007,"TC"
9411,9629,"Lym"
9808,481,"Lym"
524,5752,"Lym"
3825,4208,"TC"
8062,2847,"Lym"
5479,3452,"TC"
3045,9267,"Lym"
4024,9074,"TC"
277,9692,"Lym"
8490,7992,"TC"
311,1625,"Lym"
6523,2734,"Lym"
5969,7639,"Lym"
3127,8232,"TC"
9869,5515,"Lym"
8289,1450,"TC"
6078,7586,"TC"
1382,869,"TC"
8709,7008,"Lym"
5771,8289,"Lym"
7992,4919,"Lym"
283,5477,"TC"
2564,6694,"Lym"
7568,352,"TC"
8300,1131,"TC"
5238,6878,"TC"
6380,802,"Lym"
4880,3158,"TC"
5819,7645,"Lym"
1005,3500,"TC"
8416,5343,"TC"
4026,8933,"TC"
7726,4477,"TC"
9515,3281,"TC"
2655,470,"Lym"
8293,3894,"Lym"
6537,2846,"Lym"
7985,2703,"TC"
1862,5763,"Lym"
7547,6295,"TC"
7359,3134,"TC"
7518,6887,"TC"
3327,5324,"Lym"
576,7600,"TC"
6744,6499,"Lym"
417,4969,"TC"
6436,4454,"Lym"
2997,3206,"TC"
3935,6656,"Lym"
9235,78,"TC"
6792,4040,"TC"
7176,8468,"TC"
7172,3752,"Lym"
2282,8418,"Lym"
4088,3998,"Lym"
5712,7345,"TC"
8795,7386,"Lym"
5947,3265,"TC"
9182,7942,"Lym"
3514,8110,"TC"
2541,9902,"Lym"
7141,8674,"Lym"
2185,1628,"Lym"
4434,5911,"Lym"
6962,2397,"Lym"
6735,4822,"TC"
1806,7403,"TC"
7318,276,"TC"
3266,9493,"Lym"
3525,9358,"Lym"
7890,8900,"Lym"
3646,6004,"TC"
2832,3201,"Lym"
2607,6537,"TC"
270,2489,"Lym"
6563,8424,"TC"
7468,9551,"Lym"
6312,4546,"TC"
546,9386,"TC"
5273,1825,"Lym"
879,5850,"Lym"
2704,3996,"Lym"
14,9555,"Lym"
7065,1536,"TC"
7971,4969,"Lym"
1344,7430,"TC"
5992,2068,"Lym"
3593,4057,"Lym"
6781,4799,"TC"
3660,4502,"TC"
8009,5319,"Lym"
9870,3731,"TC"
4833,595,"TC"
788,8655,"TC"
1345,4320,"Lym"
8943,1066,"TC"
7136,3378,"Lym"
8742,4309,"TC"
9038,6884,"Lym"
4774,634,"Lym"
669,2977,"TC"
7199,4891,"TC"
2720,6852,"Lym"
3266,4961,"TC"
3851,7042,"Lym"
3308,6429,"TC"
987,3901,"Lym"
5812,5073,"TC"
7562,4827,"TC"
5171,7439,"Lym"
2746,9914,"Lym"
4447,4954,"TC"
8956,9392,"Lym"
9213,5402,"Lym"
5214,9400,"Lym"
7659,9156,"TC"
7667,5232,"TC"
8382,8000,"TC"
9408,2006,"Lym"
4228,9296,"TC"
6048,7161,"Lym"
2203,7639,"TC"
8592,5264,"Lym"
9277,3079,"TC"
5835,9998,"Lym"
6589,5331,"TC"
654,268,"Lym"
2446,461,"TC"
5090,4197,"Lym"
5150,5827,"Lym"
7637,9311,"Lym"
2679,4492,"TC"
6878,180,"Lym"
5578,8455,"TC"
4310,3976,"TC"
8609,7044,"TC"
1118,6309,"Lym"
3164,8685,"TC"
7410,4131,"TC"
5467,9898,"TC"
1798,1758,"Lym"
6817,1998,"TC"
1054,4514,"Lym"
2887,4586,"Lym"
7241,9096,"TC"
455,4770,"Lym"
1089,889,"Lym"
4177,2801,"TC"
5966,9214,"Lym"
1973,9598,"TC"
5012,8197,"Lym"
8247,1736,"Lym"
921,1082,"Lym"
4705,4206,"TC"
8810,668,"Lym"
4358,6352,"Lym"
2767,5138,"Lym"
572,5699,"TC"
8849,6127,"Lym"
1480,4622,"TC"
3174,8822,"TC"
6806,4048,"TC"
2827,4851,"Lym"
4248,5083,"TC"
4876,6629,"Lym"
2415,2888,"TC"
3602,9014,"TC"
692,3127,"Lym"
3608,8792,"Lym"
9830,8160,"Lym"
1901,7956,"Lym"
8719,9315,"TC"
1127,6270,"Lym"
1942,1668,"Lym"
7302,6484,"Lym"
2703,4713,"TC"
2101,8854,"Lym"
5826,7642,"TC"
844,8648,"Lym"
4720,6234,"TC"
3058,4755,"TC"
8907,9339,"TC"
2117,6423,"TC"
5211,2813,"Lym"
143,9547,"Lym"
5269,3317,"TC"
3856,9294,"Lym"
16,6905,"TC"
5664,1643,"Lym"
4479,3564,"Lym"
6159,9262,"Lym"
503,9774,"Lym"
6528,4658,"Lym"
3231,3061,"TC"
1585,579,"Lym"
2120,6393,"TC"
3724,9019,"TC"
6737,8281,"TC"
1567,5337,"Lym"
4038,1492,"TC"
2626,8333,"Lym"
3497,8672,"TC"
1133,9738,"Lym"
2934,797,"Lym"
1322,8599,"Lym"
4583,1811,"TC"
7356,3619,"Lym"
539,9843,"TC"
3927,4464,"Lym"
8416,8578,"Lym"
3979,1619,"Lym"
4564,1883,"TC"
9581,2057,"Lym"
7759,230,"TC"
4768,6878,"Lym"
9846,48,"TC"
2957,3824,"Lym"
1814,9745,"Lym"
7726,7448,"Lym"
8707,9082,"TC"
3131,7974,"Lym"
9143,2144,"Lym"
9151,6419,"Lym"
8075,872,"TC"
3529,3451,"Lym"
6756,9774,"Lym"
2690,672,"Lym"
9577,8124,"TC"
1215,5457,"Lym"
3230,2455,"TC"
6288,1498,"TC"
2420,4386,"TC"
9288,7409,"Lym"
5928,9388,"Lym"
3610,7802,"Lym"
6084,8367,"Lym"
6032,6240,"TC"
8810,1299,"Lym"
6306,1497,"Lym"
8659,6211,"TC"
9225,2252,"Lym"
5688,8510,"Lym"
7466,3116,"Lym"
3920,7865,"TC"
1416,5586,"Lym"
9451,8092,"TC"
2430,9908,"Lym"
223,2816,"TC"
2279,1787,"Lym"
2365,7211,"TC"
5563,156,"Lym"
6627,9749,"Lym"
4985,4521,"Lym"
1157,486,"TC"
6436,2007,"Lym"
6272,1053,"TC"
2556,150,"Lym"
2358,9323,"TC"
3534,1911,"Lym"
3073,9704,"TC"
7708,3544,"Lym"
2285,9323,"TC"
4604,1353,"Lym"
8380,8542,"TC"
2565,7629,"Lym"
4604,6404,"TC"
8343,8180,"TC"
3303,5025,"Lym"
5054,3727,"Lym"
7717,8907,"TC"
1798,693,"Lym"
9928,741,"TC"
9563,7238,"Lym"
5173,9535,"TC"
1215,1964,"Lym"
5631,4362,"Lym"
375,2034,"Lym"
9541,9257,"TC"
122,5593,"TC"
5767,3751,"TC"
7425,1646,"Lym"
1887,9704,"Lym"
2971,3842,"TC"
4470,4857,"Lym"
3915,2204,"Lym"
6571,3349,"TC"
6140,6526,"Lym"
7288,7531,"TC"
3205,1988,"Lym"
1443,2858,"Lym"
540,1995,"TC"
9551,5665,"TC"
257,1681,"TC"
9208,9436,"TC"
3667,5045,"TC"
6984,472,"TC"
5694,8878,"Lym"
2841,1969,"TC"
115,1871,"Lym"
4214,5662,"Lym"
6143,5864,"Lym"
49,9700,"TC"
6636,2559,"Lym"
1157,7993,"TC"
9023,1383,"Lym"
1011,2450,"TC"
5655,8624,"TC"
2515,6179,"TC"
5812,2847,"Lym"
9525,6534,"TC"
7273,9475,"Lym"
4046,4591,"TC"
4924,2461,"TC"
6722,5318,"Lym"
4683,7444,"Lym"
2958,1541,"TC"
5462,8667,"Lym"
7351,6447,"TC"
7716,9839,"Lym"
8144,1604,"TC"
3332,2031,"Lym"
8913,8399,"TC"
3088,5305,"Lym"
6988,1163,"TC"
1936,8253,"Lym"
9767,8448,"Lym"
1692,3080,"Lym"
1705,9032,"TC"
6281,7241,"Lym"
7342,8833,"TC"
9391,3334,"Lym"
7683,9963,"TC"
1664,1286,"Lym"
2804,279,"TC"
4253,127,"Lym"
8373,2210,"TC"
1516,6966,"Lym"
6659,324,"TC"
8181,3663,"Lym"
6737,5135,"TC"
3755,9571,"TC"
8843,1044,"TC"
5711,1322,"Lym"
4700,6185,"TC"
6361,3127,"TC"
7406,4893,"Lym"
1460,7903,"Lym"
4065,154,"TC"
4583,3971,"TC"
5583,6739,"Lym"
4097,6873,"Lym"
9981,9041,"TC"
7503,9119,"Lym"
1885,2646,"Lym"
1088,9853,"Lym"
7438,679,"TC"
1152,5205,"Lym"
9978,8842,"TC"
7781,2011,"Lym"
4082,5892,"TC"
2783,1391,"Lym"
9567,9328,"TC"
2546,2924,"Lym"
1202,2685,"TC"
5450,3349,"Lym"
6736,2161,"Lym"
3744,1130,"Lym"
1472,8671,"TC"
9690,7250,"Lym"
693,9359,"TC"
6024,9228,"TC"
1949,1098,"TC"
5642,3288,"Lym"
1477,7335,"TC"
8241,1492,"Lym"
3296,7039,"TC"
4762,1014,"Lym"
1899,6169,"Lym"
5195,7794,"Lym"
4951,5788,"TC"
1417,5126,"Lym"
7533,2877,"Lym"
110,285,"Lym"
1780,3104,"TC"
1138,4508,"Lym"
5367,874,"TC"
5455,5002,"Lym"
210,9991,"TC"
1508,1995,"Lym"
5564,9036,"Lym"
7546,1111,"Lym"
6614,6060,"TC"
7658,3253,"Lym"
1429,8613,"Lym"
5861,2413,"Lym"
7073,3002,"TC"
4202,2501,"TC"
9909,7136,"TC"
861,107,"Lym"
5492,4263,"TC"
3787,4407,"TC"
3878,6492,"TC"
3254,8286,"Lym"
9965,5823,"TC"
7464,8762,"Lym"
7798,2841,"TC"
9047,9810,"Lym"
6668,7921,"TC"
6919,6046,"Lym"
9461,8118,"TC"
1297,1465,"TC"
9506,2585,"TC"
9526,6923,"TC"
879,3091,"TC"
8439,8643,"Lym"
7571,6812,"TC"
5885,9704,"Lym"
3051,1241,"TC"
138,7914,"Lym"
3233,5593,"TC"
1700,9219,"Lym"
2188,2832,"TC"
4727,6698,"Lym"
81,1896,"Lym"
7768,1008,"Lym"
7914,2171,"TC"
1191,1946,"TC"
1937,607,"TC"
9993,9704,"Lym"
9032,2536,"TC"
54,7593,"Lym"
7238,3944,"TC"
4068,2522,"TC"
230,7966,"TC"
3977,2403,"Lym"
1776,1498,"TC"
2536,1787,"Lym"
9137,9380,"TC"
3749,5591,"Lym"
2998,7291,"TC"
7711,4013,"Lym"
144,2265,"TC"
1911,1732,"Lym"
9993,9907,"TC"
187,8877,"Lym"
7179,795,"TC"
5374,5075,"Lym"
3915,8907,"Lym"
4993,7757,"Lym"
9899,980,"Lym"
4948,3520,"Lym"
9767,7388,"TC"
7479,5695,"Lym"
6845,5443,"TC"
4948,8493,"Lym"
546,2774,"TC"
7812,7504,"Lym"
3464,1825,"TC"
223,8267,"Lym"
6228,5995,"TC"
1297,340,"Lym"
1799,5048,"TC"
6364,5704,"Lym"
1688,7137,"TC"
3621,4240,"Lym"
2210,7210,"TC"
8276,2579,"Lym"
37,9184,"TC"
1576,2876,"Lym"
9372,9388,"TC"
7655,9531,"Lym"
8217,1436,"TC"
2519,6666,"Lym"
1176,9430,"TC"
1329,4426,"TC"
4194,4601,"TC"
3659,8262,"Lym"
1449,6798,"TC"
5199,2928,"Lym"
7458,6208,"TC"
1099,5553,"Lym"
3697,5401,"TC"
2225,9260,"Lym"
8970,3158,"Lym"
1064,3698,"Lym"
8390,3461,"TC"
8454,2122,"Lym"
270,9368,"Lym"
7654,2918,"TC"
2749,9958,"TC"
1510,1468,"Lym"
988,8515,"TC"
7114,5998,"TC"
4563,8363,"TC"
3992,6285,"Lym"
6160,4542,"Lym"
1329,8039,"TC"
807,1215,"TC"
6632,9642,"Lym"
7936,5368,"TC"
3734,9200,"Lym"
7989,5413,"TC"
8106,1056,"Lym"
8646,5584,"TC"
4228,9772,"TC"
960,4949,"TC"
8826,5554,"Lym"
2887,9196,"Lym"
3052,3496,"Lym"
8161,9443,"TC"
5869,9683,"Lym"
6628,8419,"TC"
6445,6660,"Lym"
2283,2311,"Lym"
6100,9583,"Lym"
4864,5513,"TC"
5801,4827,"Lym"
8127,9299,"TC"
4949,2324,"Lym"
821,7425,"Lym"
4639,247,"TC"
5984,2448,"TC"
9139,8701,"Lym"
481,3812,"Lym"
8181,1873,"TC"
877,1561,"TC"
2710,8082,"Lym"
8474,8110,"TC"
9187,5478,"Lym"
821,2937,"TC"
5576,6817,"Lym"
428,8436,"TC"
2610,8974,"TC"
1880,9160,"Lym"
5675,3138,"Lym"
658,8273,"Lym"
4376,3223,"Lym"
5531,3439,"TC"
5402,4084,"Lym"
2546,1397,"TC"
1653,8555,"Lym"
7278,2166,"TC"
2062,3175,"Lym"
5865,5414,"TC"
9136,4304,"TC"
2070,3650,"Lym"
8318,7871,"TC"
3090,8696,"TC"
1885,7820,"Lym"
5190,5060,"TC"
1841,7872,"Lym"
2244,156,"TC"
9576,5196,"Lym"
1932,8111,"Lym"
9719,7772,"TC"
9307,9707,"TC"
2186,6126,"Lym"
3593,3071,"TC"
965,2635,"Lym"
8673,6431,"TC"
9956,9644,"Lym"
5722,4008,"TC"
5909,313,"TC"
7004,1263,"TC"
5741,8011,"TC"
1634,3090,"Lym"
5304,6337,"Lym"
4993,4384,"TC"
9200,5091,"Lym"
4526,3488,"TC"
4240,2705,"Lym"
771,6172,"TC"
9278,3973,"Lym"
3132,849,"TC"
4127,9645,"TC"
3948,8406,"TC"
6933,4614,"Lym"
5922,1786,"TC"
1508,3504,"Lym"
3425,4222,"Lym"
5677,1900,"Lym"
7600,6794,"Lym"
8851,3102,"Lym"
7387,7917,"TC"
4352,4665,"Lym"
206,616,"TC"
9002,874,"Lym"
1251,1774,"Lym"
9968,8734,"Lym"
647,4150,"TC"
8269,5390,"Lym"
3561,935,"TC"
4019,9285,"TC"
9671,5819,"TC"
5385,8390,"Lym"
6305,4087,"TC"
3322,9214,"Lym"
1030,9793,"TC"
9853,909,"Lym"
6694,597,"TC"
16,7189,"Lym"
3660,3964,"TC"
5323,3588,"Lym"
5554,1031,"TC"
5439,4814,"TC"
5498,1926,"TC"
5846,2745,"Lym"
628,9319,"TC"
597,5852,"Lym"
8974,748,"TC"
5856,5373,"Lym"
8250,9033,"TC"
5745,171,"Lym"
3354,3509,"Lym"
8959,8030,"Lym"
689,7463,"TC"
6997,5614,"Lym"
548,1337,"TC"
8677,1656,"Lym"
8229,8132,"TC"
1692,1354,"Lym"
8159,8643,"Lym"
4506,2451,"Lym"
2521,756,"TC"
5761,567,"Lym"
6837,8453,"TC"
6073,5548,"TC"
6728,3998,"TC"
2440,9335,"Lym"
9529,9235,"TC"
9305,5765,"Lym"
6996,2893,"TC"
2704,7010,"TC"
9734,5909,"Lym"
533,691,"Lym"
5988,2527,"TC"
6564,620,"Lym"
7727,6713,"TC"
7469,1851,"Lym"
8416,8655,"TC"
8275,7646,"Lym"
4689,7636,"TC"
1721,1883,"Lym"
9830,1448,"TC"
4020,7118,"Lym"
7662,8892,"TC"
921,4135,"Lym"
8954,3170,"TC"
8009,6494,"TC"
6294,5974,"TC"
6360,1495,"Lym"
9018,9053,"TC"
8196,1714,"TC"
4990,6294,"Lym"
7285,4586,"Lym"
7810,3307,"TC"
2718,4174,"Lym"
7146,6694,"TC"
5713,369,"Lym"
8915,3340,"TC"
283,7044,"Lym"
6790,3952,"TC"
6925,257,"Lym"
5711,9673,"TC"
8337,3391,"Lym"
2949,8768,"TC"
1907,5220,"Lym"
1692,5780,"TC"
164,2414,"Lym"
1148,920,"Lym"
640,803,"Lym"
8055,9600,"TC"
1329,3451,"Lym"
903,8138,"TC"
8927,4561,"Lym"
7339,926,"TC"
5014,1778,"Lym"
2767,8204,"TC"
1080,874,"Lym"
8470,7703,"TC"
7108,1162,"TC"
8053,7476,"TC"
146,2987,"Lym"
2537,7175,"TC"
4025,3255,"Lym"
3317,7245,"TC"
8671,9221,"Lym"
1751,6893,"TC"
3664,994,"Lym"
279,8366,"TC"
9041,6485,"Lym"
8411,2750,"TC"
9637,3382,"Lym"
6160,5820,"TC"
1215,5370,"Lym"
9254,5633,"Lym"
1247,2536,"TC"
5561,5426,"TC"
1803,7890,"TC"
9883,1843,"TC"
7015,444,"Lym"
2548,6047,"TC"
7982,5612,"Lym"
3744,4179,"TC"
8867,5105,"Lym"
1366,7355,"TC"
9031,8545,"Lym"
9024,5498,"TC"
8590,4113,"Lym"
5319,2354,"TC"
8264,6903,"Lym"
9351,7277,"TC"
5649,6553,"TC"
3946,6867,"Lym"
1873,2589,"Lym"
8835,3062,"Lym"
2339,4667,"Lym"
9443,3630,"TC"
6582,4469,"Lym"
1596,9833,"Lym"
9539,8686,"Lym"
1554,5509,"Lym"
9560,5946,"TC"
6524,3115,"TC"
271,6144,"Lym"
4229,2810,"TC"
2022,9905,"Lym"
6201,7268,"TC"
9221,6614,"TC"
5769,6487,"Lym"
1437,6415,"Lym"
3651,7231,"TC"
534,7026,"Lym"
1157,3751,"TC"
7257,9392,"Lym"
1682,2799,"TC"
9585,8319,"TC"
606,578,"Lym"
9735,6325,"TC"
4922,7428,"TC"
7030,2707,"Lym"
7239,9769,"TC"
7642,6395,"Lym"
8794,364,"TC"
7123,5563,"Lym"
2451,7383,"Lym"
4928,333,"Lym"
7577,843,"TC"
5,617,"TC"
839,3527,"TC"
7766,365,"Lym"
2936,4463,"Lym"
3479,9214,"Lym"
6492,6028,"TC"
8437,7319,"Lym"
692,3507,"TC"
2654,95,"Lym"
7103,7511,"TC"
512,6798,"Lym"
3355,3353,"TC"
8935,5255,"Lym"
2281,5783,"Lym"
5720,3989,"TC"
1911,8367,"TC"
9998,2284,"Lym"
5019,8350,"TC"
8201,1023,"TC"
6371,5779,"TC"
8528,8058,"Lym"
6871,7851,"TC"
7775,2821,"Lym"
1467,8737,"Lym"
2732,4474,"Lym"
2605,3421,"TC"
3556,7214,"Lym"
2610,1468,"Lym"
8554,7037,"TC"
7349,1821,"Lym"
8543,3471,"Lym"
7343,4486,"TC"
7201,2945,"Lym"
9833,9125,"TC"
1620,6024,"Lym"
7662,4192,"TC"
9540,1194,"Lym"
2660,2327,"TC"
859,6203,"Lym"
2290,6868,"TC"
3325,5689,"Lym"
9518,3543,"TC"
2363,3135,"Lym"
3356,4054,"Lym"
2249,3537,"TC"
1590,2854,"TC"
2697,3169,"TC"
2879,4656,"Lym"
1939,2199,"TC"
4385,2729,"Lym"
4537,2622,"Lym"
2144,3642,"Lym"
2164,4774,"TC"
2523,3045,"Lym"
4649,4933,"TC"
4655,1803,"Lym"
1755,2009,"TC"
2687,3677,"Lym"
4301,3736,"TC"
2313,1708,"TC"
2456,2534,"TC"
1882,4597,"Lym"
3433,3376,"TC"
4105,3911,"Lym"
4222,3727,"TC"
2769,3653,"Lym"
2128,2558,"TC"
3656,2981,"Lym"
3578,3646,"TC"
2804,2349,"Lym"
3188,4833,"TC"
3296,4635,"Lym"
1961,1990,"TC"
3993,3278,"Lym"
4013,2709,"TC"
1857,4862,"Lym"
1537,3659,"TC"
1754,3700,"Lym"
4785,3760,"TC"
2674,4930,"Lym"
4595,3344,"TC"
2370,3511,"TC"
2970,3724,"TC"
4534,2100,"TC"
2665,3021,"TC"
3225,4687,"Lym"
3725,3514,"TC"
1689,4680,"Lym"
2598,3154,"TC"
1772,2465,"Lym"
2979,4371,"TC"
2823,3343,"Lym"
3568,4165,"TC"
4942,2097,"TC"
3118,3223,"TC"
2951,2972,"Lym"
4847,4669,"TC"
2200,1660,"Lym"
2790,3487,"TC"
3050,4447,"TC"
2167,4015,"TC"
2192,4386,"Lym"
1950,3565,"TC"
4257,1733,"Lym"
2500,2445,"TC"
2364,3000,"Lym"
2077,4190,"TC"
1912,3407,"Lym"
4397,1612,"TC"
2709,2546,"Lym"
3592,2082,"TC"
2509,3121,"TC"
3104,4072,"TC"
3351,3113,"Lym"
3289,4624,"TC"
4089,3609,"Lym"
2137,1731,"TC"
3479,2055,"Lym"
4967,4585,"TC"
4107,2733,"Lym"
4267,1819,"TC"
2268,2445,"Lym"
4242,2464,"TC"
2136,2749,"Lym"
3487,1821,"TC"
2885,2328,"Lym"
3471,2997,"TC"
3394,3578,"Lym"
4129,3319,"TC"
2575,1914,"Lym"
3838,3810,"TC"
2795,3751,"Lym"
4239,2677,"TC"
4151,4055,"Lym"
2649,3223,"TC"
4197,1669,"Lym"
4644,3667,"TC"
4206,4753,"Lym"
1746,2079,"TC"
3728,4407,"Lym"
4881,2346,"TC"
4557,4730,"TC"
2363,3135,"Lym"
3356,4054,"Lym"
2249,3537,"TC"
1590,2854,"Lym"
2697,3169,"Lym"
2879,4656,"TC"
1939,2199,"TC"
4385,2729,"Lym"
4537,2622,"TC"
2144,3642,"Lym"
2164,4774,"TC"
2523,3045,"TC"
4649,4933,"TC"
4655,1803,"Lym"
1755,2009,"TC"
2687,3677,"Lym"
4301,3736,"Lym"
2313,1708,"TC"
2456,2534,"TC"
1882,4597,"Lym"
3433,3376,"TC"
4105,3911,"Lym"
4222,3727,"TC"
2769,3653,"Lym"
2128,2558,"TC"
3656,2981,"TC"
3578,3646,"TC"
2804,2349,"Lym"
3188,4833,"TC"
3296,4635,"Lym"
1961,1990,"TC"
3993,3278,"Lym"
4013,2709,"TC"
1857,4862,"Lym"
1537,3659,"Lym"
1754,3700,"Lym"
4785,3760,"TC"
2674,4930,"TC"
4595,3344,"TC"
2370,3511,"Lym"
2970,3724,"TC"
4534,2100,"TC"
2665,3021,"TC"
3225,4687,"Lym"
3725,3514,"TC"
1689,4680,"Lym"
2598,3154,"TC"
1772,2465,"Lym"
2979,4371,"TC"
2823,3343,"Lym"
3568,4165,"TC"
4942,2097,"Lym"
3118,3223,"TC"
2951,2972,"Lym"
4847,4669,"TC"
2200,1660,"Lym"
2790,3487,"TC"
3050,4447,"Lym"
2167,4015,"TC"
2192,4386,"Lym"
1950,3565,"TC"
4257,1733,"Lym"
2500,2445,"Lym"
2364,3000,"Lym"
2077,4190,"TC"
1912,3407,"TC"
4397,1612,"TC"
2709,2546,"Lym"
3592,2082,"TC"
2509,3121,"Lym"
3104,4072,"TC"
3351,3113,"Lym"
3289,4624,"TC"
4089,3609,"Lym"
2137,1731,"TC"
3479,2055,"Lym"
4967,4585,"TC"
4107,2733,"Lym"
4267,1819,"TC"
2268,2445,"Lym"
4242,2464,"TC"
2136,2749,"Lym"
3487,1821,"TC"
2885,2328,"Lym"
3471,2997,"TC"
3394,3578,"Lym"
4129,3319,"Lym"
2575,1914,"Lym"
3838,3810,"TC"
2795,3751,"TC"
4239,2677,"TC"
4151,4055,"Lym"
2649,3223,"TC"
4197,1669,"Lym"
4644,3667,"TC"
4206,4753,"Lym"
1746,2079,"TC"
3728,4407,"Lym"
4881,2346,"TC"
4557,4730,"Lym"
2363,3135,"TC"
3356,4054,"Lym"
2249,3537,"TC"
1590,2854,"Lym"
2697,3169,"TC"
2879,4656,"Lym"
1939,2199,"TC"
4385,2729,"TC"
4537,2622,"TC"
2144,3642,"Lym"
2164,4774,"TC"
2523,3045,"Lym"
4649,4933,"TC"
4655,1803,"Lym"
1755,2009,"Lym"
2687,3677,"Lym"
4301,3736,"TC"
2313,1708,"Lym"
2456,2534,"Lym"
1882,4597,"Lym"
3433,3376,"TC"
4105,3911,"Lym"
4222,3727,"TC"
2769,3653,"Lym"
2128,2558,"TC"
3656,2981,"Lym"
3578,3646,"TC"
2804,2349,"Lym"
3188,4833,"Lym"
3296,4635,"Lym"
1961,1990,"TC"
3993,3278,"Lym"
4013,2709,"TC"
1857,4862,"Lym"
1537,3659,"Lym"
1754,3700,"Lym"
4785,3760,"TC"
2674,4930,"Lym"
4595,3344,"TC"
2370,3511,"Lym"
2970,3724,"TC"
4534,2100,"Lym"
2665,3021,"TC"
3225,4687,"Lym"
3725,3514,"TC"
1689,4680,"Lym"
2598,3154,"TC"
1772,2465,"Lym"
2979,4371,"TC"
2823,3343,"Lym"
3568,4165,"TC"
4942,2097,"Lym"
3118,3223,"TC"
2951,2972,"Lym"
4847,4669,"TC"
2200,1660,"Lym"
2790,3487,"TC"
3050,4447,"Lym"
2167,4015,"TC"
2192,4386,"Lym"
1950,3565,"Lym"
4257,1733,"Lym"
2500,2445,"TC"
2364,3000,"Lym"
2077,4190,"TC"
1912,3407,"Lym"
4397,1612,"TC"
2709,2546,"Lym"
3592,2082,"TC"
2509,3121,"Lym"
3104,4072,"TC"
3351,3113,"Lym"
3289,4624,"TC"
4089,3609,"Lym"
2137,1731,"TC"
3479,2055,"Lym"
4967,4585,"TC"
4107,2733,"Lym"
4267,1819,"TC"
2268,2445,"Lym"
4242,2464,"TC"
2136,2749,"Lym"
3487,1821,"TC"
2885,2328,"Lym"
3471,2997,"TC"
3394,3578,"Lym"
4129,3319,"TC"
2575,1914,"Lym"
3838,3810,"TC"
2795,3751,"Lym"
4239,2677,"TC"
4151,4055,"Lym"
2649,3223,"TC"
4197,1669,"Lym"
4644,3667,"TC"
4206,4753,"Lym"
1746,2079,"TC"
3728,4407,"Lym"
4881,2346,"TC"
4557,4730,"Lym"
2363,3135,"TC"
3356,4054,"Lym"
2249,3537,"TC"
1590,2854,"Lym"
2697,3169,"TC"
2879,4656,"Lym"
1939,2199,"TC"
4385,2729,"Lym"
4537,2622,"TC"
2144,3642,"Lym"
2164,4774,"TC"
2523,3045,"Lym"
4649,4933,"TC"
4655,1803,"Lym"
1755,2009,"TC"
2687,3677,"Lym"
4301,3736,"TC"
2313,1708,"Lym"
2456,2534,"Lym"
1882,4597,"Lym"
3433,3376,"TC"
4105,3911,"Lym"
4222,3727,"TC"
2769,3653,"Lym"
2128,2558,"TC"
3656,2981,"Lym"
3578,3646,"TC"
2804,2349,"Lym"
3188,4833,"TC"
3296,4635,"Lym"
1961,1990,"Lym"
3993,3278,"Lym"
4013,2709,"TC"
1857,4862,"Lym"
1537,3659,"TC"
1754,3700,"Lym"
4785,3760,"TC"
2674,4930,"Lym"
4595,3344,"TC"
2370,3511,"Lym"
2970,3724,"TC"
4534,2100,"TC"
2665,3021,"Lym"
3225,4687,"Lym"
3725,3514,"TC"
1689,4680,"TC"
2598,3154,"TC"
1772,2465,"TC"
2979,4371,"TC"
2823,3343,"Lym"
3568,4165,"TC"
4942,2097,"Lym"
3118,3223,"TC"
2951,2972,"Lym"
4847,4669,"TC"
2200,1660,"Lym"
2790,3487,"TC"
3050,4447,"Lym"
2167,4015,"TC"
2192,4386,"Lym"
1950,3565,"TC"
4257,1733,"Lym"
2500,2445,"Lym"
2364,3000,"Lym"
2077,4190,"TC"
1912,3407,"Lym"
4397,1612,"TC"
2709,2546,"Lym"
3592,2082,"TC"
2509,3121,"Lym"
3104,4072,"TC"
3351,3113,"TC"
3289,4624,"Lym"
4089,3609,"Lym"
2137,1731,"TC"
3479,2055,"Lym"
4967,4585,"Lym"
4107,2733,"Lym"
4267,1819,"TC"
2268,2445,"Lym"
4242,2464,"TC"
2136,2749,"Lym"
3487,1821,"Lym"
2885,2328,"Lym"
3471,2997,"TC"
3394,3578,"Lym"
4129,3319,"TC"
2575,1914,"Lym"
3838,3810,"TC"
2795,3751,"Lym"
4239,2677,"TC"
4151,4055,"Lym"
2649,3223,"TC"
4197,1669,"Lym"
4644,3667,"TC"
4206,4753,"Lym"
1746,2079,"TC"
3728,4407,"Lym"
4881,2346,"Lym"
4557,4730,"Lym"
2363,3135,"TC"
3356,4054,"Lym"
2249,3537,"TC"
1590,2854,"TC"
2697,3169,"TC"
2879,4656,"TC"
1939,2199,"TC"
4385,2729,"Lym"
4537,2622,"TC"
2144,3642,"Lym"
2164,4774,"TC"
2523,3045,"Lym"
4649,4933,"Lym"
4655,1803,"Lym"
1755,2009,"TC"
2687,3677,"Lym"
4301,3736,"Lym"
2313,1708,"Lym"
2456,2534,"TC"
1882,4597,"Lym"
3433,3376,"TC"
4105,3911,"Lym"
4222,3727,"TC"
2769,3653,"Lym"
2128,2558,"TC"
3656,2981,"Lym"
3578,3646,"TC"
2804,2349,"Lym"
3188,4833,"TC"
3296,4635,"Lym"
1961,1990,"TC"
3993,3278,"Lym"
4013,2709,"TC"
1857,4862,"Lym"
1537,3659,"TC"
1754,3700,"Lym"
4785,3760,"TC"
2674,4930,"TC"
4595,3344,"TC"
2370,3511,"Lym"
2970,3724,"TC"
4534,2100,"TC"
2665,3021,"Lym"
3225,4687,"Lym"
3725,3514,"TC"
1689,4680,"Lym"
2598,3154,"Lym"
1772,2465,"Lym"
2979,4371,"TC"
2823,3343,"Lym"
3568,4165,"TC"
4942,2097,"Lym"
3118,3223,"TC"
2951,2972,"Lym"
4847,4669,"TC"
2200,1660,"Lym"
2790,3487,"TC"
3050,4447,"Lym"
2167,4015,"TC"
2192,4386,"Lym"
1950,3565,"TC"
4257,1733,"Lym"
2500,2445,"TC"
2364,3000,"TC"
2077,4190,"TC"
1912,3407,"Lym"
4397,1612,"TC"
2709,2546,"Lym"
3592,2082,"TC"
2509,3121,"Lym"
3104,4072,"TC"
3351,3113,"Lym"
3289,4624,"TC"
4089,3609,"Lym"
2137,1731,"TC"
3479,2055,"Lym"
4967,4585,"Lym"
4107,2733,"Lym"
4267,1819,"TC"
2268,2445,"Lym"
4242,2464,"Lym"
2136,2749,"Lym"
3487,1821,"TC"
2885,2328,"Lym"
3471,2997,"TC"
3394,3578,"Lym"
4129,3319,"TC"
2575,1914,"Lym"
3838,3810,"TC"
2795,3751,"Lym"
4239,2677,"TC"
4151,4055,"Lym"
2649,3223,"Lym"
4197,1669,"Lym"
4644,3667,"TC"
4206,4753,"Lym"
1746,2079,"TC"
3728,4407,"Lym"
4881,2346,"TC"
4557,4730,"Lym"
2363,3135,"TC"
3356,4054,"Lym"
2249,3537,"TC"
1590,2854,"Lym"
2697,3169,"TC"
2879,4656,"Lym"
1939,2199,"TC"
4385,2729,"Lym"
4537,2622,"TC"
2144,3642,"Lym"
2164,4774,"TC"
2523,3045,"Lym"
4649,4933,"Lym"
4655,1803,"Lym"
1755,2009,"TC"
2687,3677,"Lym"
4301,3736,"TC"
2313,1708,"Lym"
2456,2534,"Lym"
1882,4597,"Lym"
3433,3376,"TC"
4105,3911,"Lym"
4222,3727,"TC"
2769,3653,"Lym"
2128,2558,"TC"
3656,2981,"Lym"
3578,3646,"TC"
2804,2349,"Lym"
3188,4833,"TC"
3296,4635,"Lym"
1961,1990,"TC"
3993,3278,"Lym"
4013,2709,"TC"
1857,4862,"Lym"
1537,3659,"TC"
1754,3700,"Lym"
4785,3760,"TC"
2674,4930,"TC"
4595,3344,"Lym"
2370,3511,"Lym"
2970,3724,"TC"
4534,2100,"Lym"
2665,3021,"TC"
3225,4687,"TC"
3725,3514,"TC"
1689,4680,"Lym"
2598,3154,"TC"
1772,2465,"Lym"
2979,4371,"TC"
2823,3343,"TC"
3568,4165,"TC"
4942,2097,"Lym"
3118,3223,"TC"
2951,2972,"Lym"
4847,4669,"TC"
2200,1660,"Lym"
2790,3487,"TC"
3050,4447,"Lym"
2167,4015,"TC"
2192,4386,"Lym"
1950,3565,"TC"
4257,1733,"Lym"
2500,2445,"TC"
2364,3000,"Lym"
2077,4190,"TC"
1912,3407,"Lym"
4397,1612,"TC"
2709,2546,"Lym"
3592,2082,"TC"
2509,3121,"Lym"
3104,4072,"TC"
3351,3113,"Lym"
3289,4624,"TC"
4089,3609,"TC"
2137,1731,"TC"
3479,2055,"Lym"
4967,4585,"Lym"
4107,2733,"TC"
4267,1819,"TC"
2268,2445,"Lym"
4242,2464,"TC"
2136,2749,"Lym"
3487,1821,"TC"
2885,2328,"Lym"
3471,2997,"TC"
3394,3578,"Lym"
4129,3319,"TC"
2575,1914,"Lym"
3838,3810,"TC"
2795,3751,"Lym"
4239,2677,"TC"
4151,4055,"Lym"
2649,3223,"TC"
4197,1669,"Lym"
4644,3667,"TC"
4206,4753,"Lym"
1746,2079,"TC"
3728,4407,"Lym"
4881,2346,"TC"
4557,4730,"Lym"
2363,3135,"TC"
3356,4054,"Lym"
2249,3537,"TC"
1590,2854,"Lym"
2697,3169,"TC"
2879,4656,"Lym"
1939,2199,"TC"
4385,2729,"Lym"
4537,2622,"TC"
2144,3642,"Lym"
2164,4774,"TC"
2523,3045,"Lym"
4649,4933,"TC"
4655,1803,"Lym"
1755,2009,"TC"
2687,3677,"Lym"
4301,3736,"TC"
2313,1708,"Lym"
2456,2534,"TC"
1882,4597,"Lym"
3433,3376,"TC"
4105,3911,"Lym"
4222,3727,"TC"
2769,3653,"Lym"
2128,2558,"TC"
3656,2981,"Lym"
3578,3646,"TC"
2804,2349,"Lym"
3188,4833,"TC"
3296,4635,"Lym"
1961,1990,"TC"
3993,3278,"Lym"
4013,2709,"TC"
1857,4862,"Lym"
1537,3659,"TC"
1754,3700,"TC"
4785,3760,"TC"
2674,4930,"Lym"
4595,3344,"TC"
2370,3511,"Lym"
2970,3724,"TC"
4534,2100,"Lym"
2665,3021,"TC"
3225,4687,"Lym"
3725,3514,"TC"
1689,4680,"TC"
2598,3154,"TC"
1772,2465,"Lym"
2979,4371,"TC"
2823,3343,"Lym"
3568,4165,"TC"
4942,2097,"Lym"
3118,3223,"TC"
2951,2972,"Lym"
4847,4669,"TC"
2200,1660,"Lym"
2790,3487,"TC"
3050,4447,"Lym"
2167,4015,"TC"
2192,4386,"TC"
1950,3565,"TC"
4257,1733,"Lym"
2500,2445,"TC"
2364,3000,"Lym"
2077,4190,"TC"
1912,3407,"Lym"
4397,1612,"TC"
2709,2546,"Lym"
3592,2082,"TC"
2509,3121,"Lym"
3104,4072,"Lym"
3351,3113,"Lym"
3289,4624,"TC"
4089,3609,"Lym"
2137,1731,"TC"
3479,2055,"Lym"
4967,4585,"TC"
4107,2733,"Lym"
4267,1819,"TC"
2268,2445,"Lym"
4242,2464,"TC"
2136,2749,"Lym"
3487,1821,"Lym"
2885,2328,"Lym"
3471,2997,"TC"
3394,3578,"Lym"
4129,3319,"Lym"
2575,1914,"Lym"
3838,3810,"TC"
2795,3751,"Lym"
4239,2677,"TC"
4151,4055,"Lym"
2649,3223,"TC"
4197,1669,"Lym"
4644,3667,"TC"
4206,4753,"Lym"
1746,2079,"TC"
3728,4407,"Lym"
4881,2346,"TC"
4557,4730,"Lym"
2363,3135,"TC"
3356,4054,"Lym"
2249,3537,"TC"
1590,2854,"Lym"
2697,3169,"TC"
2879,4656,"Lym"
1939,2199,"TC"
4385,2729,"Lym"
4537,2622,"TC"
2144,3642,"Lym"
2164,4774,"TC"
2523,3045,"Lym"
4649,4933,"TC"
4655,1803,"Lym"
1755,2009,"TC"
2687,3677,"Lym"
4301,3736,"Lym"
2313,1708,"TC"
2456,2534,"TC"
1882,4597,"Lym"
3433,3376,"Lym"
4105,3911,"Lym"
4222,3727,"TC"
2769,3653,"Lym"
2128,2558,"TC"
3656,2981,"Lym"
3578,3646,"TC"
2804,2349,"Lym"
3188,4833,"TC"
3296,4635,"Lym"
1961,1990,"TC"
3993,3278,"Lym"
4013,2709,"TC"
1857,4862,"TC"
1537,3659,"TC"
1754,3700,"TC"
4785,3760,"TC"
2674,4930,"Lym"
4595,3344,"TC"
2370,3511,"Lym"
2970,3724,"TC"
4534,2100,"TC"
2665,3021,"TC"
3225,4687,"Lym"
3725,3514,"TC"
1689,4680,"Lym"
2598,3154,"TC"
1772,2465,"Lym"
2979,4371,"TC"
2823,3343,"Lym"
3568,4165,"TC"
4942,2097,"TC"
3118,3223,"TC"
2951,2972,"Lym"
4847,4669,"TC"
2200,1660,"Lym"
2790,3487,"Lym"
3050,4447,"Lym"
2167,4015,"TC"
2192,4386,"Lym"
1950,3565,"TC"
4257,1733,"Lym"
2500,2445,"TC"
2364,3000,"Lym"
2077,4190,"TC"
1912,3407,"Lym"
4397,1612,"TC"
2709,2546,"Lym"
3592,2082,"TC"
2509,3121,"Lym"
3104,4072,"TC"
3351,3113,"Lym"
3289,4624,"TC"
4089,3609,"Lym"
2137,1731,"TC"
3479,2055,"Lym"
4967,4585,"TC"
4107,2733,"Lym"
4267,1819,"TC"
2268,2445,"Lym"
4242,2464,"TC"
2136,2749,"Lym"
3487,1821,"TC"
2885,2328,"Lym"
3471,2997,"TC"
3394,3578,"Lym"
4129,3319,"TC"
2575,1914,"Lym"
3838,3810,"TC"
2795,3751,"Lym"
4239,2677,"TC"
4151,4055,"TC"
2649,3223,"TC"
4197,1669,"Lym"
4644,3667,"TC"
4206,4753,"TC"
1746,2079,"TC"
3728,4407,"Lym"
4881,2346,"TC"
4557,4730,"Lym"
2363,3135,"TC"
3356,4054,"Lym"
2249,3537,"TC"
1590,2854,"Lym"
2697,3169,"TC"
2879,4656,"Lym"
1939,2199,"TC"
4385,2729,"Lym"
4537,2622,"TC"
2144,3642,"Lym"
2164,4774,"TC"
2523,3045,"Lym"
4649,4933,"TC"
4655,1803,"Lym"
1755,2009,"TC"
2687,3677,"Lym"
4301,3736,"TC"
2313,1708,"Lym"
2456,2534,"TC"
1882,4597,"Lym"
3433,3376,"TC"
4105,3911,"Lym"
4222,3727,"TC"
2769,3653,"Lym"
2128,2558,"TC"
3656,2981,"Lym"
3578,3646,"TC"
2804,2349,"TC"
3188,4833,"TC"
3296,4635,"Lym"
1961,1990,"Lym"
3993,3278,"Lym"
4013,2709,"TC"
1857,4862,"Lym"
1537,3659,"TC"
1754,3700,"Lym"
4785,3760,"TC"
2674,4930,"Lym"
4595,3344,"TC"
2370,3511,"Lym"
2970,3724,"TC"
4534,2100,"Lym"
2665,3021,"TC"
3225,4687,"Lym"
3725,3514,"TC"
1689,4680,"Lym"
2598,3154,"TC"
1772,2465,"Lym"
2979,4371,"TC"
2823,3343,"Lym"
3568,4165,"Lym"
4942,2097,"Lym"
3118,3223,"TC"
2951,2972,"Lym"
4847,4669,"TC"
2200,1660,"Lym"
2790,3487,"TC"
3050,4447,"Lym"
2167,4015,"TC"
2192,4386,"Lym"
1950,3565,"TC"
4257,1733,"Lym"
2500,2445,"Lym"
2364,3000,"Lym"
2077,4190,"TC"
1912,3407,"Lym"
4397,1612,"TC"
2709,2546,"Lym"
3592,2082,"TC"
2509,3121,"Lym"
3104,4072,"TC"
3351,3113,"Lym"
3289,4624,"TC"
4089,3609,"Lym"
2137,1731,"TC"
3479,2055,"Lym"
4967,4585,"TC"
4107,2733,"Lym"
4267,1819,"TC"
2268,2445,"Lym"
4242,2464,"Lym"
2136,2749,"Lym"
3487,1821,"TC"
2885,2328,"Lym"
3471,2997,"TC"
3394,3578,"Lym"
4129,3319,"TC"
2575,1914,"Lym"
3838,3810,"TC"
2795,3751,"Lym"
4239,2677,"TC"
4151,4055,"Lym"
2649,3223,"TC"
4197,1669,"Lym"
4644,3667,"TC"
4206,4753,"Lym"
1746,2079,"TC"
3728,4407,"Lym"
4881,2346,"TC"
4557,4730,"Lym"
2363,3135,"Lym"
3356,4054,"TC"
2249,3537,"Lym"
1590,2854,"Lym"
2697,3169,"TC"
2879,4656,"Lym"
1939,2199,"TC"
4385,2729,"Lym"
4537,2622,"TC"
2144,3642,"Lym"
2164,4774,"TC"
2523,3045,"Lym"
4649,4933,"TC"
4655,1803,"Lym"
1755,2009,"TC"
2687,3677,"Lym"
4301,3736,"TC"
2313,1708,"TC"
2456,2534,"TC"
1882,4597,"Lym"
3433,3376,"TC"
4105,3911,"Lym"
4222,3727,"TC"
2769,3653,"Lym"
2128,2558,"TC"
3656,2981,"Lym"
3578,3646,"Lym"
2804,2349,"Lym"
3188,4833,"Lym"
3296,4635,"Lym"
1961,1990,"Lym"
3993,3278,"Lym"
4013,2709,"TC"
1857,4862,"Lym"
1537,3659,"TC"
1754,3700,"Lym"
4785,3760,"TC"
2674,4930,"Lym"
4595,3344,"TC"
2370,3511,"Lym"
2970,3724,"TC"
4534,2100,"Lym"
2665,3021,"Lym"
3225,4687,"Lym"
3725,3514,"TC"
1689,4680,"Lym"
2598,3154,"TC"
1772,2465,"Lym"
2979,4371,"TC"
2823,3343,"Lym"
3568,4165,"TC"
4942,2097,"Lym"
3118,3223,"TC"
2951,2972,"Lym"
4847,4669,"TC"
2200,1660,"Lym"
2790,3487,"Lym"
3050,4447,"Lym"
2167,4015,"TC"
2192,4386,"Lym"
1950,3565,"TC"
4257,1733,"Lym"
2500,2445,"TC"
2364,3000,"Lym"
2077,4190,"TC"
1912,3407,"Lym"
4397,1612,"TC"
2709,2546,"Lym"
3592,2082,"TC"
2509,3121,"Lym"
3104,4072,"TC"
3351,3113,"Lym"
3289,4624,"TC"
4089,3609,"Lym"
2137,1731,"TC"
3479,2055,"Lym"
4967,4585,"Lym"
4107,2733,"TC"
4267,1819,"TC"
2268,2445,"Lym"
4242,2464,"TC"
2136,2749,"Lym"
3487,1821,"TC"
2885,2328,"Lym"
3471,2997,"TC"
3394,3578,"Lym"
4129,3319,"TC"
2575,1914,"Lym"
3838,3810,"TC"
2795,3751,"Lym"
4239,2677,"TC"
4151,4055,"Lym"
2649,3223,"TC"
4197,1669,"Lym"
4644,3667,"TC"
4206,4753,"Lym"
1746,2079,"TC"
3728,4407,"Lym"
4881,2346,"TC"
4557,4730,"Lym"
2363,3135,"TC"
3356,4054,"Lym"
2249,3537,"TC"
1590,2854,"TC"
2697,3169,"TC"
2879,4656,"Lym"
1939,2199,"TC"
4385,2729,"TC"
4537,2622,"TC"
2144,3642,"Lym"
2164,4774,"TC"
2523,3045,"TC"
4649,4933,"Lym"
4655,1803,"Lym"
1755,2009,"TC"
2687,3677,"Lym"
4301,3736,"TC"
2313,1708,"Lym"
2456,2534,"TC"
1882,4597,"Lym"
3433,3376,"TC"
4105,3911,"Lym"
4222,3727,"Lym"
2769,3653,"Lym"
2128,2558,"TC"
3656,2981,"Lym"
3578,3646,"TC"
2804,2349,"Lym"
3188,4833,"TC"
3296,4635,"Lym"
1961,1990,"TC"
3993,3278,"TC"
4013,2709,"Lym"
1857,4862,"Lym"
1537,3659,"TC"
1754,3700,"Lym"
4785,3760,"TC"
2674,4930,"Lym"
4595,3344,"TC"
2370,3511,"Lym"
2970,3724,"TC"
4534,2100,"Lym"
2665,3021,"TC"
3225,4687,"Lym"
3725,3514,"TC"
1689,4680,"Lym"
2598,3154,"TC"
1772,2465,"Lym"
2979,4371,"TC"
2823,3343,"Lym"
3568,4165,"TC"
4942,2097,"Lym"
3118,3223,"Lym"
2951,2972,"Lym"
4847,4669,"TC"
2200,1660,"Lym"
2790,3487,"TC"
3050,4447,"TC"
2167,4015,"TC"
2192,4386,"Lym"
1950,3565,"TC"
4257,1733,"TC"
2500,2445,"TC"
2364,3000,"Lym"
2077,4190,"TC"
1912,3407,"Lym"
4397,1612,"TC"
2709,2546,"Lym"
3592,2082,"TC"
2509,3121,"Lym"
3104,4072,"Lym"
3351,3113,"Lym"
3289,4624,"TC"
4089,3609,"Lym"
2137,1731,"TC"
3479,2055,"Lym"
4967,4585,"TC"
4107,2733,"Lym"
4267,1819,"TC"
2268,2445,"Lym"
4242,2464,"TC"
2136,2749,"TC"
3487,1821,"TC"
2885,2328,"Lym"
3471,2997,"TC"
3394,3578,"Lym"
4129,3319,"TC"
2575,1914,"Lym"
3838,3810,"Lym"
2795,3751,"Lym"
4239,2677,"TC"
4151,4055,"Lym"
2649,3223,"TC"
4197,1669,"Lym"
4644,3667,"TC"
4206,4753,"Lym"
1746,2079,"TC"
3728,4407,"Lym"
4881,2346,"TC"
4557,4730,"Lym"
2363,3135,"TC"
3356,4054,"Lym"
2249,3537,"Lym"
1590,2854,"Lym"
2697,3169,"TC"
2879,4656,"Lym"
1939,2199,"TC"
4385,2729,"Lym"
4537,2622,"TC"
2144,3642,"Lym"
2164,4774,"TC"
2523,3045,"Lym"
4649,4933,"TC"
4655,1803,"Lym"
1755,2009,"Lym"
2687,3677,"Lym"
4301,3736,"TC"
2313,1708,"Lym"
2456,2534,"TC"
1882,4597,"Lym"
3433,3376,"TC"
4105,3911,"Lym"
4222,3727,"Lym"
2769,3653,"Lym"
2128,2558,"TC"
3656,2981,"Lym"
3578,3646,"TC"
2804,2349,"Lym"
3188,4833,"TC"
3296,4635,"Lym"
1961,1990,"TC"
3993,3278,"Lym"
4013,2709,"TC"
1857,4862,"Lym"
1537,3659,"TC"
1754,3700,"Lym"
4785,3760,"TC"
2674,4930,"Lym"
4595,3344,"TC"
2370,3511,"Lym"
2970,3724,"TC"
4534,2100,"Lym"
2665,3021,"TC"
3225,4687,"Lym"
3725,3514,"Lym"
1689,4680,"Lym"
2598,3154,"TC"
1772,2465,"Lym"
2979,4371,"TC"
2823,3343,"TC"
3568,4165,"TC"
4942,2097,"Lym"
3118,3223,"TC"
2951,2972,"Lym"
4847,4669,"TC"
2200,1660,"Lym"
2790,3487,"TC"
3050,4447,"TC"
2167,4015,"TC"
2192,4386,"Lym"
1950,3565,"TC"
4257,1733,"Lym"
2500,2445,"TC"
2364,3000,"Lym"
2077,4190,"TC"
1912,3407,"Lym"
4397,1612,"Lym"
2709,2546,"Lym"
3592,2082,"TC"
2509,3121,"Lym"
3104,4072,"TC"
3351,3113,"Lym"
3289,4624,"TC"
4089,3609,"TC"
2137,1731,"TC"
3479,2055,"Lym"
4967,4585,"Lym"
4107,2733,"Lym"
4267,1819,"TC"
2268,2445,"Lym"
4242,2464,"TC"
2136,2749,"Lym"
3487,1821,"TC"
2885,2328,"Lym"
3471,2997,"TC"
3394,3578,"Lym"
4129,3319,"TC"
2575,1914,"Lym"
3838,3810,"Lym"
2795,3751,"Lym"
4239,2677,"TC"
4151,4055,"Lym"
2649,3223,"TC"
4197,1669,"Lym"
4644,3667,"TC"
4206,4753,"Lym"
1746,2079,"TC"
3728,4407,"Lym"
4881,2346,"Lym"
4557,4730,"TC"
2363,3135,"TC"
3356,4054,"Lym"
2249,3537,"TC"
1590,2854,"Lym"
2697,3169,"TC"
2879,4656,"Lym"
1939,2199,"TC"
4385,2729,"Lym"
4537,2622,"TC"
2144,3642,"Lym"
2164,4774,"TC"
2523,3045,"Lym"
4649,4933,"TC"
4655,1803,"Lym"
1755,2009,"TC"
2687,3677,"Lym"
4301,3736,"TC"
2313,1708,"Lym"
2456,2534,"TC"
1882,4597,"Lym"
3433,3376,"TC"
4105,3911,"Lym"
4222,3727,"TC"
2769,3653,"Lym"
2128,2558,"Lym"
3656,2981,"Lym"
3578,3646,"TC"
2804,2349,"Lym"
3188,4833,"TC"
3296,4635,"Lym"
1961,1990,"Lym"
3993,3278,"Lym"
4013,2709,"TC"
1857,4862,"Lym"
1537,3659,"TC"
1754,3700,"Lym"
4785,3760,"TC"
2674,4930,"Lym"
4595,3344,"TC"
2370,3511,"Lym"
2970,3724,"TC"
4534,2100,"Lym"
2665,3021,"TC"
3225,4687,"Lym"
3725,3514,"Lym"
1689,4680,"Lym"
2598,3154,"TC"
1772,2465,"Lym"
2979,4371,"TC"
2823,3343,"Lym"
3568,4165,"TC"
4942,2097,"Lym"
3118,3223,"TC"
2951,2972,"Lym"
4847,4669,"TC"
2200,1660,"Lym"
2790,3487,"Lym"
3050,4447,"Lym"
2167,4015,"TC"
2192,4386,"Lym"
1950,3565,"TC"
4257,1733,"TC"
2500,2445,"TC"
2364,3000,"Lym"
2077,4190,"TC"
1912,3407,"Lym"
4397,1612,"TC"
2709,2546,"Lym"
3592,2082,"TC"
2509,3121,"Lym"
3104,4072,"TC"
3351,3113,"TC"
3289,4624,"TC"
4089,3609,"Lym"
2137,1731,"TC"
3479,2055,"Lym"
4967,4585,"TC"
4107,2733,"Lym"
4267,1819,"TC"
2268,2445,"TC"
4242,2464,"TC"
2136,2749,"Lym"
3487,1821,"Lym"
2885,2328,"Lym"
3471,2997,"TC"
3394,3578,"Lym"
4129,3319,"TC"
2575,1914,"Lym"
3838,3810,"TC"
2795,3751,"TC"
4239,2677,"TC"
4151,4055,"Lym"
2649,3223,"TC"
4197,1669,"Lym"
4644,3667,"TC"
4206,4753,"Lym"
1746,2079,"TC"
3728,4407,"Lym"
4881,2346,"TC"
4557,4730,"Lym"
2363,3135,"TC"
3356,4054,"Lym"
2249,3537,"TC"
1590,2854,"Lym"
2697,3169,"TC"
2879,4656,"Lym"
1939,2199,"TC"
4385,2729,"Lym"
4537,2622,"TC"
2144,3642,"TC"
2164,4774,"TC"
2523,3045,"Lym"
4649,4933,"TC"
4655,1803,"Lym"
1755,2009,"TC"
2687,3677,"Lym"
4301,3736,"TC"
2313,1708,"TC"
2456,2534,"Lym"
1882,4597,"Lym"
3433,3376,"TC"
4105,3911,"Lym"
4222,3727,"TC"
2769,3653,"Lym"
2128,2558,"TC"
3656,2981,"Lym"
3578,3646,"TC"
2804,2349,"Lym"
3188,4833,"TC"
3296,4635,"Lym"
1961,1990,"TC"
3993,3278,"Lym"
4013,2709,"Lym"
1857,4862,"Lym"
1537,3659,"TC"
1754,3700,"Lym"
4785,3760,"TC"
2674,4930,"Lym"
4595,3344,"TC"
2370,3511,"Lym"
2970,3724,"TC"
4534,2100,"Lym"
2665,3021,"TC"
3225,4687,"Lym"
3725,3514,"TC"
1689,4680,"Lym"
2598,3154,"TC"
1772,2465,"Lym"
2979,4371,"TC"
2823,3343,"Lym"
3568,4165,"TC"
4942,2097,"Lym"
3118,3223,"Lym"
2951,2972,"TC"
4847,4669,"TC"
2200,1660,"Lym"
2790,3487,"TC"
3050,4447,"Lym"
2167,4015,"TC"
2192,4386,"TC"
1950,3565,"TC"
4257,1733,"Lym"
2500,2445,"TC"
2364,3000,"Lym"
2077,4190,"TC"
1912,3407,"Lym"
4397,1612,"TC"
2709,2546,"Lym"
3592,2082,"TC"
2509,3121,"Lym"
3104,4072,"TC"
3351,3113,"Lym"
3289,4624,"Lym"
4089,3609,"TC"
2137,1731,"TC"
3479,2055,"TC"
4967,4585,"TC"
4107,2733,"Lym"
4267,1819,"TC"
2268,2445,"Lym"
4242,2464,"TC"
2136,2749,"Lym"
3487,1821,"TC"
2885,2328,"Lym"
3471,2997,"TC"
3394,3578,"Lym"
4129,3319,"TC"
2575,1914,"Lym"
3838,3810,"TC"
2795,3751,"Lym"
4239,2677,"TC"
4151,4055,"Lym"
2649,3223,"TC"
4197,1669,"Lym"
4644,3667,"TC"
4206,4753,"Lym"
1746,2079,"TC"
3728,4407,"Lym"
4881,2346,"TC"
4557,4730,"TC"
2363,3135,"TC"
3356,4054,"Lym"
2249,3537,"TC"
1590,2854,"Lym"
2697,3169,"TC"
2879,4656,"Lym"
1939,2199,"TC"
4385,2729,"Lym"
4537,2622,"TC"
2144,3642,"Lym"
2164,4774,"TC"
2523,3045,"Lym"
4649,4933,"TC"
4655,1803,"Lym"
1755,2009,"TC"
2687,3677,"Lym"
4301,3736,"TC"
2313,1708,"TC"
2456,2534,"TC"
1882,4597,"Lym"
3433,3376,"TC"
4105,3911,"Lym"
4222,3727,"TC"
2769,3653,"Lym"
2128,2558,"TC"
3656,2981,"Lym"
3578,3646,"TC"
2804,2349,"Lym"
3188,4833,"TC"
3296,4635,"TC"
1961,1990,"TC"
3993,3278,"Lym"
4013,2709,"TC"
1857,4862,"Lym"
1537,3659,"TC"
1754,3700,"Lym"
4785,3760,"TC"
2674,4930,"Lym"
4595,3344,"Lym"
2370,3511,"Lym"
2970,3724,"TC"
4534,2100,"Lym"
2665,3021,"TC"
3225,4687,"Lym"
3725,3514,"TC"
1689,4680,"Lym"
2598,3154,"TC"
1772,2465,"Lym"
2979,4371,"TC"
2823,3343,"Lym"
3568,4165,"TC"
4942,2097,"Lym"
3118,3223,"TC"
2951,2972,"TC"
4847,4669,"TC"
2200,1660,"Lym"
2790,3487,"TC"
3050,4447,"Lym"
2167,4015,"TC"
2192,4386,"Lym"
1950,3565,"TC"
4257,1733,"Lym"
2500,2445,"TC"
2364,3000,"Lym"
2077,4190,"TC"
1912,3407,"Lym"
4397,1612,"Lym"
2709,2546,"Lym"
3592,2082,"TC"
2509,3121,"Lym"
3104,4072,"TC"
3351,3113,"Lym"
3289,4624,"Lym"
4089,3609,"Lym"
2137,1731,"TC"
3479,2055,"Lym"
4967,4585,"TC"
4107,2733,"Lym"
4267,1819,"TC"
2268,2445,"Lym"
4242,2464,"TC"
2136,2749,"Lym"
3487,1821,"TC"
2885,2328,"Lym"
3471,2997,"TC"
3394,3578,"Lym"
4129,3319,"TC"
2575,1914,"Lym"
3838,3810,"TC"
2795,3751,"Lym"
4239,2677,"TC"
4151,4055,"Lym"
2649,3223,"TC"
4197,1669,"Lym"
4644,3667,"TC"
4206,4753,"Lym"
1746,2079,"TC"
3728,4407,"Lym"
4881,2346,"TC"
4557,4730,"TC"
2363,3135,"TC"
3356,4054,"Lym"
2249,3537,"TC"
1590,2854,"Lym"
2697,3169,"TC"
2879,4656,"Lym"
1939,2199,"TC"
4385,2729,"Lym"
4537,2622,"TC"
2144,3642,"TC"
2164,4774,"Lym"
2523,3045,"Lym"
4649,4933,"TC"
4655,1803,"Lym"
1755,2009,"TC"
2687,3677,"Lym"
4301,3736,"TC"
2313,1708,"Lym"
2456,2534,"TC"
1882,4597,"Lym"
3433,3376,"TC"
4105,3911,"Lym"
4222,3727,"TC"
2769,3653,"Lym"
2128,2558,"TC"
3656,2981,"Lym"
3578,3646,"TC"
2804,2349,"Lym"
3188,4833,"TC"
3296,4635,"Lym"
1961,1990,"TC"
3993,3278,"Lym"
4013,2709,"Lym"
1857,4862,"Lym"
1537,3659,"Lym"
1754,3700,"Lym"
4785,3760,"TC"
2674,4930,"Lym"
4595,3344,"TC"
2370,3511,"TC"
2970,3724,"TC"
4534,2100,"Lym"
2665,3021,"TC"
3225,4687,"Lym"
3725,3514,"TC"
1689,4680,"Lym"
2598,3154,"TC"
1772,2465,"Lym"
2979,4371,"TC"
2823,3343,"Lym"
3568,4165,"TC"
4942,2097,"Lym"
3118,3223,"TC"
2951,2972,"TC"
4847,4669,"TC"
2200,1660,"Lym"
2790,3487,"Lym"
3050,4447,"Lym"
2167,4015,"TC"
2192,4386,"Lym"
1950,3565,"TC"
4257,1733,"Lym"
2500,2445,"TC"
2364,3000,"Lym"
2077,4190,"TC"
1912,3407,"Lym"
4397,1612,"TC"
2709,2546,"Lym"
3592,2082,"TC"
2509,3121,"Lym"
3104,4072,"Lym"
3351,3113,"Lym"
3289,4624,"Lym"
4089,3609,"Lym"
2137,1731,"TC"
3479,2055,"Lym"
4967,4585,"TC"
4107,2733,"Lym"
4267,1819,"TC"
2268,2445,"Lym"
4242,2464,"TC"
2136,2749,"Lym"
3487,1821,"TC"
2885,2328,"Lym"
3471,2997,"TC"
3394,3578,"Lym"
4129,3319,"Lym"
2575,1914,"Lym"
3838,3810,"TC"
2795,3751,"Lym"
4239,2677,"TC"
4151,4055,"Lym"
2649,3223,"TC"
4197,1669,"Lym"
4644,3667,"TC"
4206,4753,"Lym"
1746,2079,"TC"
3728,4407,"Lym"
4881,2346,"TC"
4557,4730,"Lym"
2363,3135,"TC"
3356,4054,"Lym"
2249,3537,"TC"
1590,2854,"Lym"
2697,3169,"TC"
2879,4656,"Lym"
1939,2199,"TC"
4385,2729,"Lym"
4537,2622,"TC"
2144,3642,"Lym"
2164,4774,"TC"
2523,3045,"Lym"
4649,4933,"TC"
4655,1803,"Lym"
1755,2009,"TC"
2687,3677,"Lym"
4301,3736,"TC"
2313,1708,"Lym"
2456,2534,"TC"
1882,4597,"Lym"
3433,3376,"TC"
4105,3911,"Lym"
4222,3727,"TC"
2769,3653,"Lym"
2128,2558,"TC"
3656,2981,"Lym"
3578,3646,"TC"
2804,2349,"Lym"
3188,4833,"TC"
3296,4635,"Lym"
1961,1990,"TC"
3993,3278,"Lym"
4013,2709,"TC"
1857,4862,"Lym"
1537,3659,"TC"
1754,3700,"Lym"
4785,3760,"TC"
2674,4930,"Lym"
4595,3344,"TC"
2370,3511,"Lym"
2970,3724,"TC"
4534,2100,"Lym"
2665,3021,"TC"
3225,4687,"Lym"
3725,3514,"TC"
1689,4680,"Lym"
2598,3154,"TC"
1772,2465,"Lym"
2979,4371,"Lym"
2823,3343,"Lym"
3568,4165,"TC"
4942,2097,"Lym"
3118,3223,"Lym"
2951,2972,"Lym"
4847,4669,"TC"
2200,1660,"Lym"
2790,3487,"TC"
3050,4447,"Lym"
2167,4015,"TC"
2192,4386,"Lym"
1950,3565,"TC"
4257,1733,"Lym"
2500,2445,"TC"
2364,3000,"Lym"
2077,4190,"TC"
1912,3407,"Lym"
4397,1612,"TC"
2709,2546,"Lym"
3592,2082,"TC"
2509,3121,"TC"
3104,4072,"TC"
3351,3113,"Lym"
3289,4624,"TC"
4089,3609,"Lym"
2137,1731,"Lym"
3479,2055,"Lym"
4967,4585,"TC"
4107,2733,"Lym"
4267,1819,"TC"
2268,2445,"Lym"
4242,2464,"TC"
2136,2749,"Lym"
3487,1821,"TC"
2885,2328,"Lym"
3471,2997,"TC"
3394,3578,"Lym"
4129,3319,"TC"
2575,1914,"Lym"
3838,3810,"TC"
2795,3751,"Lym"
4239,2677,"TC"
4151,4055,"Lym"
2649,3223,"TC"
4197,1669,"Lym"
4644,3667,"TC"
4206,4753,"Lym"
1746,2079,"TC"
3728,4407,"Lym"
4881,2346,"TC"
4557,4730,"Lym"
2363,3135,"TC"
3356,4054,"TC"
2249,3537,"TC"
1590,2854,"Lym"
2697,3169,"Lym"
2879,4656,"TC"
1939,2199,"TC"
4385,2729,"Lym"
4537,2622,"TC"
2144,3642,"Lym"
2164,4774,"TC"
2523,3045,"TC"
4649,4933,"TC"
4655,1803,"Lym"
1755,2009,"TC"
2687,3677,"Lym"
4301,3736,"TC"
2313,1708,"Lym"
2456,2534,"TC"
1882,4597,"Lym"
3433,3376,"TC"
4105,3911,"Lym"
4222,3727,"TC"
2769,3653,"Lym"
2128,2558,"TC"
3656,2981,"Lym"
3578,3646,"TC"
2804,2349,"Lym"
3188,4833,"TC"
3296,4635,"Lym"
1961,1990,"TC"
3993,3278,"Lym"
4013,2709,"TC"
1857,4862,"Lym"
1537,3659,"TC"
1754,3700,"Lym"
4785,3760,"TC"
2674,4930,"Lym"
4595,3344,"TC"
2370,3511,"Lym"
2970,3724,"Lym"
4534,2100,"Lym"
2665,3021,"TC"
3225,4687,"Lym"
3725,3514,"TC"
1689,4680,"TC"
2598,3154,"TC"
1772,2465,"Lym"
2979,4371,"TC"
2823,3343,"Lym"
3568,4165,"TC"
4942,2097,"Lym"
3118,3223,"TC"
2951,2972,"Lym"
4847,4669,"TC"
2200,1660,"Lym"
2790,3487,"TC"
3050,4447,"Lym"
2167,4015,"Lym"
2192,4386,"Lym"
1950,3565,"TC"
4257,1733,"Lym"
2500,2445,"TC"
2364,3000,"Lym"
2077,4190,"TC"
1912,3407,"Lym"
4397,1612,"TC"
2709,2546,"TC"
3592,2082,"TC"
2509,3121,"Lym"
3104,4072,"TC"
3351,3113,"Lym"
3289,4624,"TC"
4089,3609,"Lym"
2137,1731,"TC"
3479,2055,"Lym"
4967,4585,"Lym"
4107,2733,"Lym"
4267,1819,"TC"
2268,2445,"Lym"
4242,2464,"TC"
2136,2749,"Lym"
3487,1821,"Lym"
2885,2328,"TC"
3471,2997,"TC"
3394,3578,"Lym"
4129,3319,"TC"
2575,1914,"Lym"
3838,3810,"TC"
2795,3751,"Lym"
4239,2677,"TC"
4151,4055,"Lym"
2649,3223,"TC"
4197,1669,"Lym"
4644,3667,"TC"
4206,4753,"Lym"
1746,2079,"TC"
3728,4407,"Lym"
4881,2346,"TC"
4557,4730,"TC"
2363,3135,"TC"
3356,4054,"Lym"
2249,3537,"TC"
1590,2854,"Lym"
2697,3169,"TC"
2879,4656,"Lym"
1939,2199,"TC"
4385,2729,"Lym"
4537,2622,"TC"
2144,3642,"Lym"
2164,4774,"TC"
2523,3045,"TC"
4649,4933,"TC"
4655,1803,"Lym"
1755,2009,"TC"
2687,3677,"TC"
4301,3736,"TC"
2313,1708,"Lym"
2456,2534,"TC"
1882,4597,"Lym"
3433,3376,"TC"
4105,3911,"Lym"
4222,3727,"TC"
2769,3653,"TC"
2128,2558,"TC"
3656,2981,"Lym"
3578,3646,"TC"
2804,2349,"Lym"
3188,4833,"TC"
3296,4635,"Lym"
1961,1990,"TC"
3993,3278,"Lym"
4013,2709,"TC"
1857,4862,"Lym"
1537,3659,"TC"
1754,3700,"TC"
4785,3760,"Lym"
2674,4930,"Lym"
4595,3344,"TC"
2370,3511,"Lym"
2970,3724,"TC"
4534,2100,"Lym"
2665,3021,"TC"
3225,4687,"Lym"
3725,3514,"TC"
1689,4680,"Lym"
2598,3154,"TC"
1772,2465,"Lym"
2979,4371,"TC"
2823,3343,"Lym"
3568,4165,"Lym"
4942,2097,"Lym"
3118,3223,"TC"
2951,2972,"Lym"
4847,4669,"TC"
2200,1660,"TC"
2790,3487,"TC"
3050,4447,"Lym"
2167,4015,"TC"
2192,4386,"Lym"
1950,3565,"TC"
4257,1733,"Lym"
2500,2445,"TC"
2364,3000,"Lym"
2077,4190,"TC"
1912,3407,"Lym"
4397,1612,"TC"
2709,2546,"Lym"
3592,2082,"TC"
2509,3121,"Lym"
3104,4072,"TC"
3351,3113,"Lym"
3289,4624,"TC"
4089,3609,"Lym"
2137,1731,"TC"
3479,2055,"Lym"
4967,4585,"TC"
4107,2733,"Lym"
4267,1819,"TC"
2268,2445,"Lym"
4242,2464,"TC"
2136,2749,"Lym"
3487,1821,"TC"
2885,2328,"Lym"
3471,2997,"TC"
3394,3578,"Lym"
4129,3319,"TC"
2575,1914,"Lym"
3838,3810,"Lym"
2795,3751,"Lym"
4239,2677,"TC"
4151,4055,"Lym"
2649,3223,"TC"
4197,1669,"Lym"
4644,3667,"TC"
4206,4753,"Lym"
1746,2079,"TC"
3728,4407,"Lym"
4881,2346,"TC"
4557,4730,"Lym"
2363,3135,"TC"
3356,4054,"TC"
2249,3537,"Lym"
1590,2854,"TC"
2697,3169,"TC"
2879,4656,"Lym"
1939,2199,"TC"
4385,2729,"Lym"
4537,2622,"TC"
2144,3642,"Lym"
2164,4774,"TC"
2523,3045,"Lym"
4649,4933,"TC"
4655,1803,"Lym"
1755,2009,"TC"
2687,3677,"Lym"
4301,3736,"TC"
2313,1708,"Lym"
2456,2534,"TC"
1882,4597,"Lym"
3433,3376,"TC"
4105,3911,"Lym"
4222,3727,"TC"
2769,3653,"Lym"
2128,2558,"TC"
3656,2981,"Lym"
3578,3646,"TC"
2804,2349,"Lym"
3188,4833,"TC"
3296,4635,"Lym"
1961,1990,"TC"
3993,3278,"Lym"
4013,2709,"TC"
1857,4862,"TC"
1537,3659,"TC"
1754,3700,"Lym"
4785,3760,"TC"
2674,4930,"Lym"
4595,3344,"TC"
2370,3511,"Lym"
2970,3724,"TC"
4534,2100,"Lym"
2665,3021,"TC"
3225,4687,"Lym"
3725,3514,"TC"
1689,4680,"Lym"
2598,3154,"TC"
1772,2465,"Lym"
2979,4371,"TC"
2823,3343,"Lym"
3568,4165,"Lym"
4942,2097,"TC"
3118,3223,"TC"
2951,2972,"Lym"
4847,4669,"TC"
2200,1660,"Lym"
2790,3487,"TC"
3050,4447,"Lym"
2167,4015,"TC"
2192,4386,"Lym"
1950,3565,"TC"
4257,1733,"Lym"
2500,2445,"TC"
2364,3000,"Lym"
2077,4190,"TC"
1912,3407,"Lym"
4397,1612,"TC"
2709,2546,"TC"
3592,2082,"TC"
2509,3121,"Lym"
3104,4072,"Lym"
3351,3113,"Lym"
3289,4624,"TC"
4089,3609,"TC"
2137,1731,"TC"
3479,2055,"Lym"
4967,4585,"TC"
4107,2733,"Lym"
4267,1819,"TC"
2268,2445,"Lym"
4242,2464,"TC"
2136,2749,"Lym"
3487,1821,"Lym"
2885,2328,"Lym"
3471,2997,"Lym"
3394,3578,"Lym"
4129,3319,"TC"
2575,1914,"Lym"
3838,3810,"TC"
2795,3751,"Lym"
4239,2677,"TC"
4151,4055,"Lym"
2649,3223,"TC"
4197,1669,"Lym"
4644,3667,"TC"
4206,4753,"Lym"
1746,2079,"TC"
3728,4407,"Lym"
4881,2346,"TC"
4557,4730,"Lym"
